Eintrag;Kurzbeschreibung;Langbeschreibung;Lizenz-Info;MS Learn / Weblinks
Azure Subscription;Abrechnungs- und Verwaltungsgrenze fuer Azure-Ressourcen.;Eine Azure Subscription ist der Container, unter dem Ressourcen bereitgestellt und abgerechnet werden. Sie definiert Berechtigungsgrenzen, Budgets und Richtlinienbereiche. Mehrere Subscriptions lassen sich ueber Management Groups hierarchisch organisieren.;"Pay-as-you-go, EA, CSP oder MOSP; kostenlose Testversion verfuegbar.";https://learn.microsoft.com/azure/cost-management-billing/manage/create-subscription
Resource Group;Logischer Container fuer zusammengehoerige Azure-Ressourcen.;Eine Resource Group buendelt Azure-Ressourcen, die denselben Lebenszyklus, dieselben Berechtigungen oder dasselbe Projekt teilen. RBAC-Rollen, Tags und Policies koennen auf Ressourcengruppenebene zugewiesen werden. Das Loeschen einer Gruppe entfernt alle enthaltenen Ressourcen.;"Keine separaten Kosten; Teil jeder Azure Subscription.";https://learn.microsoft.com/azure/azure-resource-manager/management/manage-resource-groups-portal
Virtual Network;Isoliertes Netzwerk in Azure fuer Subnetze, Dienste und Sicherheitsregeln.;Ein Azure Virtual Network (VNet) ist das Fundament der Netzwerkarchitektur in Azure. Es ermoeglicht private IP-Adressierung, Subnetze, DNS-Einstellungen, Peering, Service Endpoints und Private Endpoints. VNets sind regional begrenzt, koennen aber per Peering oder VPN verbunden werden.;"Keine Grundkosten fuer VNets; Peering und Gateway erzeugen Datenverkehrskosten.";https://learn.microsoft.com/azure/virtual-network/virtual-networks-overview
Network Security Group;Regelbasierte Netzwerkfilterung auf Subnetz- oder NIC-Ebene.;Eine NSG enthaelt Eingangs- und Ausgangsregeln mit Prioritaeten, die Netzwerkverkehr nach Quelle, Ziel, Port und Protokoll erlauben oder verweigern. NSGs werden auf Subnetze oder einzelne Netzwerkschnittstellen angewendet und sind ein Kernbaustein der Azure-Netzwerksicherheit.;"Keine separaten Kosten; in jeder Azure Subscription verfuegbar.";https://learn.microsoft.com/azure/virtual-network/network-security-groups-overview
Azure App Service;Verwalteter PaaS-Dienst fuer Webanwendungen und APIs.;Azure App Service hostet Web-Apps, REST-APIs und mobile Backends ohne eigenen Serverbetrieb. Unterstuetzt werden .NET, Java, Node.js, Python, PHP und Container. Features: Auto-Scaling, Deployment Slots, benutzerdefinierte Domaenen, SSL und CI/CD-Integration.;"Free- und Shared-Tier verfuegbar; Basic, Standard, Premium und Isolated fuer Produktion.";https://learn.microsoft.com/azure/app-service/overview
Azure Functions;Serverlose, ereignisgesteuerte Code-Ausfuehrung.;Azure Functions fuehrt Code auf Basis von Triggern (HTTP, Timer, Queue, Event Grid u.v.m.) aus und skaliert automatisch. Unterstuetzt C#, JavaScript, Python, Java, PowerShell und weitere Sprachen. Ideal fuer Microservices, Integrationen und Eventverarbeitung.;"Consumption Plan: Pay-per-Execution; Premium und Dedicated Plan fuer konstante Last.";https://learn.microsoft.com/azure/azure-functions/functions-overview
Azure Storage Account;Zentraler Container fuer Blobs, Files, Queues und Tables.;Ein Azure Storage Account stellt den Zugang zu den Speicherdiensten Blob, File, Queue und Table bereit. Er definiert Redundanz (LRS, ZRS, GRS, RA-GRS), Zugriffsebenen (Hot, Cool, Cold, Archive) und Sicherheitseinstellungen wie Verschluesselung und Private Endpoints.;Pay-as-you-go nach Speichermenge, Transaktionen und Datenverkehr.;https://learn.microsoft.com/azure/storage/common/storage-account-overview
Azure Blob Storage;Hochskalierbarer Objektspeicher fuer unstrukturierte Daten.;Azure Blob Storage speichert Dateien, Backups, Medien, Logs und beliebige Binaerdaten als Blobs in Containern. Zugriffsebenen (Hot, Cool, Cold, Archive) optimieren Kosten nach Zugriffshaeufigkeit. Lifecycle-Management-Regeln automatisieren die Tier-Verschiebung.;Kosten nach Speichermenge, Zugriffsebene und Transaktionen.;https://learn.microsoft.com/azure/storage/blobs/storage-blobs-introduction
Azure Files;Cloud-basierte SMB/NFS-Dateifreigaben.;Azure Files stellt vollstaendig verwaltete Dateifreigaben bereit, die per SMB oder NFS eingebunden werden koennen. Szenarien: Lift-and-Shift von Fileshares, gemeinsam genutzte Konfigurationen, Home-Verzeichnisse. Azure File Sync ermoeglicht hybride Caching-Szenarien.;"Standard (HDD) und Premium (SSD); Abrechnung nach Kapazitaet und Transaktionen.";https://learn.microsoft.com/azure/storage/files/storage-files-introduction
Azure Backup;Zentrale Datensicherung fuer Azure- und Hybrid-Workloads.;Azure Backup sichert VMs, SQL-Datenbanken, Azure Files, Blobs, SAP HANA und on-premises-Server in Recovery Services oder Backup Vaults. Richtlinien steuern Zeitplaene, Aufbewahrung und Geo-Redundanz. MARS-Agent und DPM/MABS erweitern den Schutz auf lokale Systeme.;Pay-as-you-go nach geschuetzter Instanzgroesse und Speicherverbrauch.;https://learn.microsoft.com/azure/backup/backup-overview
Azure Site Recovery;Disaster-Recovery-Dienst mit Replikation und Failover.;Azure Site Recovery (ASR) repliziert VMs, physische Server und VMware-Workloads kontinuierlich nach Azure oder zwischen Regionen. Im Ernstfall ermoeglicht ein orchestriertes Failover die schnelle Wiederherstellung. Recovery-Plaene definieren Reihenfolge und Abhaengigkeiten.;Kosten pro geschuetzter Instanz plus Speicher und Netzwerkverkehr.;https://learn.microsoft.com/azure/site-recovery/site-recovery-overview
Azure Key Vault;Verwalteter Tresor fuer Geheimnisse, Zertifikate und Schluessel.;Azure Key Vault speichert und verwaltet Secrets, Zertifikate und kryptografische Schluessel zentral und HSM-gesichert. Anwendungen und Dienste greifen per RBAC oder Access Policies auf die Vault-Inhalte zu. Integration in App Service, Functions, AKS und DevOps-Pipelines.;"Standard und Premium (mit HSM); Abrechnung nach Operationen.";https://learn.microsoft.com/azure/key-vault/general/overview
Azure Monitor;Monitoring-Plattform fuer Metriken, Logs und Alerts.;Azure Monitor sammelt Telemetriedaten aus Azure-Ressourcen, Anwendungen (Application Insights), Gastbetriebssystemen und Custom Sources. Metriken, Logs, Warnungen, Dashboards und Workbooks ermoeglichen durchgaengige Ueberwachung und Diagnose.;"Basismetriken kostenlos; Log Analytics und erweiterte Features nach Datenvolumen.";https://learn.microsoft.com/azure/azure-monitor/overview
Log Analytics;Analysewerkzeug fuer Azure-Logs mit KQL-Abfragen.;Log Analytics ist der Abfrage- und Analysebereich innerhalb von Azure Monitor. Daten aus VMs, Azure-Diensten, Containern und Sicherheitsquellen werden in einem Log Analytics Workspace gesammelt und mit Kusto Query Language (KQL) ausgewertet.;Kosten nach eingespeistem Datenvolumen (Pay-as-you-go oder Commitment Tiers).;https://learn.microsoft.com/azure/azure-monitor/logs/log-analytics-overview
Azure Policy;Governance-Dienst fuer Konfigurations- und Compliance-Regeln.;Azure Policy definiert und erzwingt Regeln fuer Azure-Ressourcen (z. B. erlaubte Regionen, SKUs, Tags, Verschluesselung). Policies koennen Audit-only arbeiten oder non-compliant-Deployments aktiv verhindern. Initiatives buendeln mehrere Policies.;"Kostenlos fuer Azure-Ressourcen; Gastkonfiguration und Arc-Szenarien teils kostenpflichtig.";https://learn.microsoft.com/azure/governance/policy/overview
Azure Virtual Desktop;Verwaltete virtuelle Windows-Arbeitsplaetze aus Azure.;Azure Virtual Desktop (AVD) stellt Windows 10/11 Multi-Session oder Einzelsitzungen als gehostete Desktops bereit. Benutzer greifen per RDP-Client, Browser oder Thin Client zu. Skalierung, Profile (FSLogix), Sicherheit und Netzwerk werden zentral gesteuert.;"Kein AVD-Lizenzaufpreis mit M365 E3/E5 oder Windows E3/E5; VM-Compute und Storage separat.";https://learn.microsoft.com/azure/virtual-desktop/overview
Azure SQL Database;Verwalteter relationaler Datenbankdienst (SQL Server).;Azure SQL Database bietet eine vollstaendig verwaltete SQL-Server-Instanz als PaaS mit automatischem Patching, Backups, Geo-Replikation und intelligentem Tuning. Bereitstellungsoptionen: Einzeldatenbank, Elastic Pool oder Managed Instance.;"DTU- oder vCore-basierte Abrechnung; serverless Tier fuer variable Last.";https://learn.microsoft.com/azure/azure-sql/database/sql-database-paas-overview
Azure Container Registry;Verwaltete Registry fuer Container-Images und OCI-Artefakte.;Azure Container Registry (ACR) speichert und verwaltet Docker-Images, Helm-Charts und OCI-Artefakte. Geo-Replikation, Image-Scanning und Task-basierte Builds sind integriert. ACR ist die Standard-Registry fuer AKS, App Service und Azure Functions.;"Basic, Standard, Premium; Abrechnung nach Tier und Speicherverbrauch.";https://learn.microsoft.com/azure/container-registry/container-registry-intro
Azure Kubernetes Service;Verwalteter Kubernetes-Cluster in Azure.;AKS stellt Control Plane als verwalteten Dienst bereit, waehrend Kunden die Worker-Nodes definieren. Features: Auto-Scaling, RBAC, Azure CNI, Monitoring mit Container Insights, GitOps-Integration und Policy-Enforcement. Ideal fuer containerisierte Microservices.;"Control Plane kostenlos; Kosten fuer VMs, Storage, Netzwerk und optionale Add-ons.";https://learn.microsoft.com/azure/aks/intro-kubernetes
Azure Front Door;Globaler Load Balancer mit CDN, WAF und Edge-Routing.;Azure Front Door beschleunigt Webanwendungen durch globales Anycast-Routing, Caching, SSL-Offloading und integrierte Web Application Firewall (WAF). Health Probes, Session Affinity und regelbasiertes Routing steuern den Datenverkehr zu Backend-Pools.;"Standard und Premium; Abrechnung nach Anfragen, Datenverkehr und WAF-Regeln.";https://learn.microsoft.com/azure/frontdoor/front-door-overview
Application Gateway;Layer-7-Load-Balancer mit WAF und SSL-Terminierung.;Application Gateway verteilt HTTP/HTTPS-Anfragen auf Backend-Pools mit URL-basiertem Routing, Cookie-Affinity, SSL-Terminierung und Web Application Firewall (WAF v2). Einsatz typisch fuer regionale Webanwendungen hinter einem VNet.;"v1 und v2; Abrechnung nach Gateway-Stunden und verarbeiteten Daten.";https://learn.microsoft.com/azure/application-gateway/overview
Azure Bastion;Sicherer RDP/SSH-Zugriff auf VMs ohne oeffentliche IPs.;Azure Bastion stellt einen verwalteten Jump-Host im VNet bereit, ueber den Admins per Browser oder nativen Client auf VMs zugreifen, ohne oeffentliche Ports zu oeffnen. TLS-geschuetzt, auditierbar und ohne zusaetzliche Agent-Installation.;"Basic, Standard und Premium SKU; Abrechnung nach Stunden und Datenverkehr.";https://learn.microsoft.com/azure/bastion/bastion-overview
Managed Identity;Azure-Ressource mit verwalteter Identitaet fuer Zugriff ohne Secrets.;Managed Identities stellen Azure-Ressourcen (VMs, App Services, Functions, AKS etc.) automatisch eine Entra-ID-Identitaet bereit. Der Dienst bezieht Tokens ohne gespeicherte Passwoerter oder Secrets. System Assigned ist an eine Ressource gebunden, User Assigned ist wiederverwendbar.;"Kostenlos; Teil von Entra ID.";https://learn.microsoft.com/entra/identity/managed-identities-azure-resources/overview
Azure Landing Zone;Referenzarchitektur fuer Governance und Netzwerk in Azure.;Eine Azure Landing Zone definiert die Zielarchitektur fuer Subscriptions, Netzwerktopologie (Hub-Spoke oder Virtual WAN), Identitaet, Governance, Sicherheit und Betrieb. Microsoft stellt Referenzimplementierungen (Enterprise-Scale) als Accelerator bereit.;"Kostenlos als Architekturkonzept; Ressourcenkosten abhaengig von Implementierung.";https://learn.microsoft.com/azure/cloud-adoption-framework/ready/landing-zone/
Cost Management;Kostenanalyse, Budgetierung und Optimierung fuer Azure.;Azure Cost Management liefert Kostenaufschluesselungen, Budgetwarnungen, Anomalie-Erkennung und Reservierungsempfehlungen. Daten koennen nach Subscription, Resource Group, Tags und Dienst gefiltert und exportiert werden.;"Kostenlos fuer Azure-Verbrauchsanalyse; AWS-Konnektor optional.";https://learn.microsoft.com/azure/cost-management-billing/costs/overview-cost-management
Azure Active Directory;Fruehere Bezeichnung fuer Microsoft Entra ID.;Azure Active Directory (Azure AD) war der Name des Cloud-Identitaetsdienstes von Microsoft bis zur Umbenennung in Microsoft Entra ID (2023). Alle Dokumentation und Portale verweisen mittlerweile auf Entra ID. Funktionalitaet und Lizenzen sind identisch.;Siehe Microsoft Entra ID (Free, P1, P2).;https://learn.microsoft.com/entra/fundamentals/whatis
Azure AD Connect;Synchronisierungstool fuer on-premises AD und Entra ID.;Azure AD Connect (jetzt Entra Connect / Entra Connect Sync) synchronisiert Benutzer, Gruppen und Kontakte aus dem lokalen Active Directory nach Microsoft Entra ID. Authentifizierungsmethoden: Password Hash Sync, Pass-through Authentication, Federation. Entra Cloud Sync ist die neuere Alternative.;"Kostenlos; Entra Cloud Sync ebenfalls ohne Zusatzkosten.";https://learn.microsoft.com/entra/identity/hybrid/connect/whatis-azure-ad-connect
APP-ID / Client-ID;Eindeutige Kennung einer registrierten Anwendung in Entra ID.;Die Application ID (Client ID) wird bei der App-Registrierung in Entra ID automatisch generiert. Sie identifiziert die Anwendung bei OAuth-2.0-Flows, Token-Anfragen und API-Aufrufen. Jede App-Registrierung erhaelt genau eine Client-ID.;"Kostenlos; Teil jeder Entra-ID-Instanz.";https://learn.microsoft.com/entra/identity-platform/quickstart-register-app
Anwendungsmanifest;JSON-Konfiguration einer registrierten App in Entra ID.;Das Anwendungsmanifest beschreibt Berechtigungen (requiredResourceAccess), Redirect-URIs, Token-Konfigurationen, Rollen und weitere Eigenschaften einer App-Registrierung. Es kann im Portal oder per API bearbeitet werden.;"Kostenlos; Teil der App-Registrierung in Entra ID.";https://learn.microsoft.com/entra/identity-platform/reference-app-manifest
Azure Resource Manager;Steuerungsebene fuer Bereitstellung und Verwaltung von Azure-Ressourcen.;Azure Resource Manager (ARM) ist die API-Schicht, ueber die alle Azure-Ressourcen erstellt, aktualisiert und geloescht werden. ARM verarbeitet Anfragen von Portal, CLI, PowerShell, SDKs und Infrastruktur-as-Code-Tools (ARM Templates, Bicep, Terraform).;"Kostenlos; ARM-API ist der Standard-Zugang zu Azure.";https://learn.microsoft.com/azure/azure-resource-manager/management/overview
Azure Resource Manager Templates;Deklarative JSON-Vorlagen fuer reproduzierbare Azure-Deployments.;ARM Templates definieren Infrastruktur als Code im JSON-Format. Sie beschreiben Ressourcen, Abhaengigkeiten, Parameter und Outputs fuer wiederholbare, idempotente Deployments. Fuer neue Projekte empfiehlt Microsoft die Nachfolgesprache Bicep.;"Kostenlos; nur die bereitgestellten Ressourcen verursachen Kosten.";https://learn.microsoft.com/azure/azure-resource-manager/templates/overview
Azure Resource Graph;Schnelle, abonnementuebergreifende Abfrage von Azure-Ressourcen.;Azure Resource Graph ermoeglicht KQL-basierte Abfragen ueber alle Azure-Ressourcen und deren Eigenschaften hinweg, ohne jeden Dienst einzeln abzufragen. Ideal fuer Inventar, Compliance-Berichte und Governance-Dashboards.;Kostenlos.;https://learn.microsoft.com/azure/governance/resource-graph/overview
Azure Automation;Dienst fuer Runbooks, DSC und Updateverwaltung.;Azure Automation fuehrt PowerShell- oder Python-Runbooks aus, verwaltet Desired State Configuration (DSC) und koordiniert Update-Deployments. Hybrid Runbook Worker ermoeglichen die Ausfuehrung auf lokalen Servern.;"500 Minuten/Monat kostenlos; darueber hinaus pro Job-Minute.";https://learn.microsoft.com/azure/automation/overview
Azure Batch;Verwalteter Dienst fuer parallele und HPC-Workloads.;Azure Batch plant und fuehrt grosse Mengen paralleler Rechenaufgaben auf dynamisch skalierten VM-Pools aus. Szenarien: Renderingm Media-Encoding, Monte-Carlo-Simulationen, wissenschaftliche Berechnungen.;"Kein Batch-Aufpreis; nur VM-Compute- und Speicherkosten.";https://learn.microsoft.com/azure/batch/batch-technical-overview
Azure Blueprints;Governance-Vorlagen fuer Subscriptions (veraltet).;Azure Blueprints stellte paketierte Vorlagen fuer Policies, RBAC-Rollen und ARM-Templates bereit, um neue Subscriptions standardisiert zu konfigurieren. Microsoft empfiehlt stattdessen Azure Deployment Environments, Template Specs und Policy-Initiativen.;"Veraltet; Nachfolger: Deployment Environments + Policy Initiatives.";https://learn.microsoft.com/azure/governance/blueprints/overview
Azure CLI;Kommandozeilenschnittstelle fuer Azure-Verwaltung.;Die Azure CLI (az) ist ein plattformuebergreifendes Tool fuer die Verwaltung von Azure-Ressourcen per Terminal. Sie eignet sich fuer Scripting, Automatisierung und interaktive Administration. Installation auf Windows, macOS, Linux und Azure Cloud Shell.;"Kostenlos; Open Source.";https://learn.microsoft.com/cli/azure/what-is-azure-cli
Azure Cache for Redis;Verwalteter In-Memory-Cache fuer schnelle Datenzugriffe.;Azure Cache for Redis stellt einen vollstaendig verwalteten Redis-kompatiblen Cache bereit fuer Session-Speicher, Output-Caching, Leaderboards und Echtzeit-Analysen. Clustering, Geo-Replikation und Persistenz sind verfuegbar.;"Basic, Standard, Premium, Enterprise; Abrechnung nach Tier und Groesse.";https://learn.microsoft.com/azure/azure-cache-for-redis/cache-overview
Azure Cognitive Services;KI-APIs fuer Sprache, Bild, Entscheidung und Suche (jetzt Azure AI Services).;Azure Cognitive Services (umbenannt in Azure AI Services) stellt vorgefertigte KI-Modelle als APIs bereit: Computer Vision, Speech, Language Understanding, Translator, Anomaly Detector u.v.m. Integration in Apps ohne eigenes ML-Training.;"Free-Tier verfuegbar; Standard nach API-Aufrufen und Transaktionen.";https://learn.microsoft.com/azure/ai-services/what-are-ai-services
Azure Communication Services;APIs fuer Chat, Telefonie, Video und SMS in eigenen Apps.;Azure Communication Services (ACS) ermoeglicht Entwicklern, Kommunikationsfunktionen (VoIP, PSTN, Video, Chat, SMS, E-Mail) in eigene Anwendungen zu integrieren, basierend auf derselben Infrastruktur wie Microsoft Teams.;Pay-as-you-go nach Nutzung (Minuten, Nachrichten, Teilnehmer).;https://learn.microsoft.com/azure/communication-services/overview
Azure Container Instances;Schnelle Container-Ausfuehrung ohne Cluster.;Azure Container Instances (ACI) startet Container direkt als verwaltete Instanzen ohne Kubernetes-Overhead. Ideal fuer kurzlebige Jobs, CI/CD-Tasks, Burst-Szenarien und einfache Microservices. Unterstuetzt Linux- und Windows-Container.;Abrechnung nach vCPU-Sekunden und Speicher-GB-Sekunden.;https://learn.microsoft.com/azure/container-instances/container-instances-overview
Azure Cosmos DB;Global verteilte, multi-model NoSQL-Datenbank.;Azure Cosmos DB bietet garantierte einstellige Millisekunden-Latenz, automatische Geo-Replikation, mehrere Konsistenzmodelle und APIs fuer SQL, MongoDB, Cassandra, Gremlin und Table. Ideal fuer global skalierte Anwendungen mit hoher Verfuegbarkeit.;"Abrechnung nach Request Units (RU/s) und Speicher; Serverless-Option verfuegbar.";https://learn.microsoft.com/azure/cosmos-db/introduction
Azure Data Factory;Integrationsdienst fuer Datenpipelines und ETL/ELT.;Azure Data Factory orchestriert Datenbewegungen und Transformationen zwischen ueber 90 Quellen und Zielen. Pipelines bestehen aus Aktivitaeten (Copy, Data Flow, Lookup etc.) und koennen zeitgesteuert oder ereignisbasiert ausgeloest werden.;Abrechnung nach Pipeline-Ausfuehrungen, Datenfluss-Clusterstunden und Integration Runtime.;https://learn.microsoft.com/azure/data-factory/introduction
Azure Data Lake;Skalierbarer Datenspeicher fuer analytische Workloads.;Azure Data Lake Storage Gen2 kombiniert Azure Blob Storage mit hierarchischem Namespace (HNS) fuer performante Big-Data-Analysen. Kompatibel mit Hadoop, Spark, Databricks und Synapse Analytics. POSIX-kompatible ACLs ermoeglichen feingranulare Zugriffskontrolle.;Kosten wie Blob Storage (Hot/Cool/Archive) plus HNS-Zuschlag.;https://learn.microsoft.com/azure/storage/blobs/data-lake-storage-introduction
Azure Databricks;Verwaltete Apache-Spark-Plattform fuer Datenanalyse und ML.;Azure Databricks bietet kollaborative Notebooks, Delta Lake, MLflow-Integration und Unity Catalog fuer Daten-Engineering, Data Science und ML-Workflows. Gemeinsam mit Azure Synapse und Data Factory bildet es die Azure-Datenplattform.;Abrechnung nach Databricks Units (DBU) plus VM-Compute.;https://learn.microsoft.com/azure/databricks/introduction/
Azure Dedicated Host;Exklusiver physischer Server fuer Azure-VMs.;Azure Dedicated Host stellt einen vollstaendigen physischen Server bereit, der nur von einem einzelnen Kunden genutzt wird. Szenarien: regulatorische Anforderungen (Hardware-Isolation), Lizenz-Compliance (BYOL), kontrollierte Wartungsfenster.;Abrechnung pro Host, unabhaengig von der Anzahl platzierter VMs.;https://learn.microsoft.com/azure/virtual-machines/dedicated-hosts
Azure DevOps;Plattform fuer Planung, Repos, Pipelines und Artefakte.;Azure DevOps buendelt Boards (Arbeitsplanung), Repos (Git-basiert), Pipelines (CI/CD), Test Plans und Artifacts in einer integrierten DevOps-Plattform. Verfuegbar als Cloud-Dienst (dev.azure.com) und on-premises (Azure DevOps Server).;"Basic-Plan fuer 5 Benutzer kostenlos; darueber hinaus per User/Monat.";https://learn.microsoft.com/azure/devops/user-guide/what-is-azure-devops
Azure Disk Storage;Verwaltete Datentraeger fuer Azure-VMs.;Azure Disk Storage bietet Managed Disks in verschiedenen Leistungsklassen: Ultra Disk, Premium SSD v2, Premium SSD, Standard SSD und Standard HDD. Snapshots, Verschluesselung (PMK/CMK), Shared Disks und Burst-Faehigkeiten sind verfuegbar.;Abrechnung nach Disk-Typ, Groesse und bereitgestelltem IOPS/Throughput.;https://learn.microsoft.com/azure/virtual-machines/managed-disks-overview
Azure Event Grid;Ereignisverteilung in Echtzeit (Publish-Subscribe).;Azure Event Grid routet Ereignisse von Azure-Diensten, eigenen Anwendungen und SaaS-Partnern an Subscriber (Functions, Logic Apps, Webhooks, Event Hubs etc.). Filterung und Dead-Lettering sind integriert. Ideal fuer ereignisgesteuerte Architekturen.;Abrechnung nach Anzahl der Operationen (Events).;https://learn.microsoft.com/azure/event-grid/overview
Azure Event Hubs;Skalierbare Event-Streaming-Plattform fuer hohen Durchsatz.;Azure Event Hubs nimmt Millionen Events pro Sekunde entgegen und speichert sie fuer die Verarbeitung durch Consumer (Stream Analytics, Functions, Databricks, Kafka-Clients). Kafka-kompatibles Protokoll ist nativ verfuegbar.;"Basic, Standard, Premium und Dedicated; nach Throughput Units oder Processing Units.";https://learn.microsoft.com/azure/event-hubs/event-hubs-about
Azure ExpressRoute;Private, dedizierte Netzwerkverbindung zu Azure.;ExpressRoute stellt ueber einen Connectivity-Provider eine private Layer-2/Layer-3-Verbindung zwischen eigenem Rechenzentrum und Azure her. Vorteile: niedrige Latenz, hohe Bandbreite (bis 100 Gbit/s), keine Internetexposition. Peering-Optionen: Private, Microsoft.;Abrechnung nach Port-Geschwindigkeit, Metering-Plan und ggf. Premium-Add-on.;https://learn.microsoft.com/azure/expressroute/expressroute-introduction
Azure Firewall;Verwaltete, zustandsbehaftete Netzwerkfirewall.;Azure Firewall schuetzt VNets mit Anwendungs-, Netzwerk- und DNAT-Regeln. Premium bietet TLS-Inspection, IDPS und URL-Filterung. Zentrale Verwaltung ueber Firewall Manager und Firewall Policies ermoeglichen konsistente Regeln ueber mehrere Hubs.;"Standard und Premium; Abrechnung nach Bereitstellungsstunden und verarbeiteten Daten.";https://learn.microsoft.com/azure/firewall/overview
Azure Firewall Manager;Zentrale Verwaltung fuer Azure-Firewall-Richtlinien.;Azure Firewall Manager verwaltet Firewall Policies, Secured Virtual Hubs und DDoS-Schutz uebergreifend. In Virtual-WAN-Szenarien werden Secured Hubs direkt provisioniert. Ideal fuer Organisationen mit mehreren Hubs oder Regionen.;"Keine separaten Kosten; Firewall-Instanzen werden separat abgerechnet.";https://learn.microsoft.com/azure/firewall-manager/overview
Azure IoT Hub;Zentrale Kommunikationsplattform fuer IoT-Geraete.;Azure IoT Hub ermoeglicht bidirektionale Kommunikation zwischen Millionen IoT-Geraeten und Cloud-Backends. Features: Geraeteprovisionierung, Nachrichtenrouting, Device Twins, Direct Methods und Edge-Deployment-Verwaltung.;"Free, Basic und Standard Tier; nach Nachrichtenvolumen.";https://learn.microsoft.com/azure/iot-hub/iot-concepts-and-iot-hub
Azure Lighthouse;Delegierte Verwaltung ueber mehrere Azure-Tenants.;Azure Lighthouse ermoeglicht Service Providern und zentralen IT-Teams, Azure-Ressourcen in Kunden- oder Tochtergesellschafts-Subscriptions zu verwalten, ohne den Tenant zu wechseln. Zugriff wird per ARM-Template oder Managed-Service-Angebot delegiert.;"Kostenlos; nur die verwalteten Ressourcen verursachen Kosten.";https://learn.microsoft.com/azure/lighthouse/overview
Azure Load Balancer;Layer-4-Lastverteilung fuer Azure-Netzwerkverkehr.;Azure Load Balancer verteilt eingehenden TCP/UDP-Verkehr auf Backend-Instanzen (VMs, VMSS, IPs) anhand von Health Probes und Verteilungsregeln. Verfuegbar als Public (Internet-facing) oder Internal (VNet-intern) in Basic und Standard SKU.;"Basic kostenlos; Standard nach Regeln und verarbeitetem Datenverkehr.";https://learn.microsoft.com/azure/load-balancer/load-balancer-overview
Azure Logic Apps;Low-Code-Workflow-Automatisierung zwischen Diensten und APIs.;Azure Logic Apps erstellt visuelle Workflows mit Hunderten vorgefertigten Konnektoren fuer Microsoft-Dienste, SaaS-Anwendungen und benutzerdefinierte APIs. Szenarien: Systemintegration, B2B-Kommunikation, Datenorchestrierung, Genehmigungsflows.;Consumption (pay-per-action) oder Standard (App-Service-basiert).;https://learn.microsoft.com/azure/logic-apps/logic-apps-overview
Azure Logic App Connectors;Vorgefertigte Integrationsbausteine fuer Logic Apps.;Connectors stellen Trigger und Actions bereit, die Logic Apps mit Diensten wie Office 365, SharePoint, SQL, SAP, Salesforce, HTTP u.v.m. verbinden. Managed Connectors laufen in Azure, On-Premises-Gateway-Connectors erreichen lokale Systeme.;"Standard-Connectors in Consumption enthalten; Premium- und Enterprise-Connectors separat.";https://learn.microsoft.com/azure/connectors/introduction
Azure Machine Learning;Plattform fuer ML-Entwicklung, Training und Bereitstellung.;Azure Machine Learning bietet Notebooks, AutoML, Designer (Low-Code), verwaltete Compute-Cluster, Modellregistrierung, Endpunkt-Bereitstellung und MLOps-Pipelines. Integration mit VS Code, Databricks und Open-Source-Frameworks (PyTorch, TensorFlow, scikit-learn).;Abrechnung nach Compute, Speicher und optionalen Managed Endpoints.;https://learn.microsoft.com/azure/machine-learning/overview-what-is-azure-machine-learning
Azure Managed Applications;Verwaltete Loesungen in Kundensubscriptions.;Azure Managed Applications ermoeglichen ISVs und internen Teams, vollstaendige Loesungen (ARM-basiert) bereitzustellen, bei denen der Anbieter die Verwaltung uebernimmt. Kunden nutzen die Anwendung, ohne die zugrunde liegenden Ressourcen direkt zu veraendern.;Abhaengig von den enthaltenen Ressourcen und ggf. ISV-Gebuehren.;https://learn.microsoft.com/azure/azure-resource-manager/managed-applications/overview
Azure Migrate;Bewertung und Migration von Workloads nach Azure.;Azure Migrate bietet Tools zur Ermittlung (Discovery), Bewertung (Assessment) und Migration von Servern, Datenbanken, Web-Apps und VDI-Umgebungen. Agentless- und Agent-basierte Szenarien werden unterstuetzt. Integration mit Partner-Tools (Carbonite, Cloudamize etc.).;"Kostenloses Hub-Portal; nur migrierte Ressourcen verursachen Azure-Kosten.";https://learn.microsoft.com/azure/migrate/migrate-services-overview
Azure Monitor Logs;Protokollbasierte Analyseebene in Azure Monitor.;"Azure Monitor Logs sammelt und speichert Logdaten aus Azure-Ressourcen, Gastbetriebssystemen, Anwendungen und benutzerdefinierten Quellen in Log Analytics Workspaces. Abfragen erfolgen per KQL; Ergebnisse fliessen in Alerts, Workbooks und Dashboards.";Kosten nach Datenvolumen und Aufbewahrungsdauer.;https://learn.microsoft.com/azure/azure-monitor/logs/data-platform-logs
Azure Network Watcher;Diagnose- und Analysewerkzeuge fuer Azure-Netzwerke.;Network Watcher bietet IP-Flow-Verify, NSG-Flow-Logs, Connection Monitor, Paketerfassung und Topologie-Ansichten fuer die Netzwerkdiagnose. Unverzichtbar fuer Troubleshooting von Konnektivitaetsproblemen in VNets.;"Basistools kostenlos; Flow Logs erzeugen Log-Analytics- und Storage-Kosten.";https://learn.microsoft.com/azure/network-watcher/network-watcher-monitoring-overview
Azure Policy Insights;Compliance-Berichte und Auswertungen fuer Azure Policies.;Azure Policy Insights liefert Compliance-Status, Detailinformationen zu nicht-konformen Ressourcen und Aenderungshistorien. Daten koennen in Workbooks visualisiert, per API abgefragt und in Governance-Reports integriert werden.;Kostenlos als Teil von Azure Policy.;https://learn.microsoft.com/azure/governance/policy/how-to/get-compliance-data
Azure Private Endpoint;Private IP-Anbindung eines Azure-Dienstes im VNet.;Ein Private Endpoint erstellt eine Netzwerkschnittstelle mit privater IP in einem VNet, die ueber Azure Private Link mit einem PaaS-Dienst (z. B. Storage, SQL, Key Vault) verbunden wird. Der Datenverkehr verlasst nie das Azure-Backbone.;Kosten pro Private Endpoint plus Datenverarbeitungsgebuehr.;https://learn.microsoft.com/azure/private-link/private-endpoint-overview
Azure Private Link;Privater Zugriff auf PaaS- und Partnerdienste ueber Azure-Backbone.;Azure Private Link ermoeglicht den Zugriff auf Azure-PaaS-Dienste und eigene Dienste ueber Private Endpoints im VNet. Der Datenverkehr wird ueber das Microsoft-Backbone-Netzwerk geroutet, ohne das oeffentliche Internet zu nutzen.;Kosten pro Private Link Endpoint und verarbeitete Daten.;https://learn.microsoft.com/azure/private-link/private-link-overview
Azure Purview;Fruehere Bezeichnung fuer Microsoft Purview Data Governance.;Azure Purview war der Name des Datenkatalog- und Data-Governance-Dienstes in Azure. Er wurde in Microsoft Purview integriert und umfasst Data Catalog, Data Map, Data Estate Insights und Data Sharing.;"Umbenannt in Microsoft Purview; Abrechnung nach gescannten Ressourcen.";https://learn.microsoft.com/purview/purview
Azure Security Center;Ehemaliges Sicherheitsportal (jetzt Defender for Cloud).;Azure Security Center war das zentrale Portal fuer Sicherheitsempfehlungen, Secure Score und Bedrohungsschutz in Azure. Die Funktionalitaet wurde in Microsoft Defender for Cloud ueberfuehrt.;"Umbenannt in Defender for Cloud; CSPM kostenlos, CWPP-Plaene kostenpflichtig.";https://learn.microsoft.com/azure/defender-for-cloud/defender-for-cloud-introduction
Azure Sentinel;Cloud-natives SIEM und SOAR (jetzt Microsoft Sentinel).;Azure Sentinel (jetzt Microsoft Sentinel) sammelt Sicherheitsdaten aus Azure, M365, On-Premises und Drittquellen, erkennt Bedrohungen per Analytics Rules und automatisiert Reaktionen ueber Playbooks (Logic Apps). KQL-basierte Abfragen und Workbooks dienen der Investigation.;"Abrechnung nach eingespeistem Logdatenvolumen; Commitment Tiers verfuegbar.";https://learn.microsoft.com/azure/sentinel/overview
Azure Service Endpoint;Optimierter Netzwerkpfad fuer Azure-Dienste aus einem VNet.;Service Endpoints erweitern den VNet-Identitaetsraum auf ausgewaehlte Azure-Dienste (Storage, SQL, Key Vault etc.), sodass der Datenverkehr ueber das Azure-Backbone laeuft. Im Gegensatz zu Private Endpoints bleibt die oeffentliche IP des Dienstes bestehen.;"Kostenlos; kein Datenverarbeitungsaufpreis.";https://learn.microsoft.com/azure/virtual-network/virtual-network-service-endpoints-overview
Azure Service Health;Personalisierter Dienststatus fuer eigene Azure-Ressourcen.;Azure Service Health informiert ueber Dienstprobleme, geplante Wartungen und Health Advisories, die die eigenen Azure-Ressourcen betreffen. Benachrichtigungen lassen sich per Action Group an E-Mail, SMS, Webhook oder ITSM-Systeme weiterleiten.;Kostenlos.;https://learn.microsoft.com/azure/service-health/overview
Azure Service Bus;Verwalteter Messaging-Dienst mit Queues und Topics.;Azure Service Bus stellt zuverlaessige, transaktionale Nachrichtenwarteschlangen und Publish-Subscribe-Topics bereit. Features: Dead-Lettering, Sessions, Duplicate Detection und Auto-Forwarding. Ideal fuer entkoppelte Microservices und Integrationsszenarien.;"Basic, Standard und Premium; nach Operationen und Nachrichtengroesse.";https://learn.microsoft.com/azure/service-bus-messaging/service-bus-messaging-overview
Azure SignalR Service;Verwaltete Echtzeit-Kommunikation fuer Web-Apps.;Azure SignalR Service skaliert SignalR-Verbindungen (WebSockets, Server-Sent Events, Long Polling) ohne eigene Infrastruktur. Szenarien: Live-Dashboards, Chat, Benachrichtigungen, kollaborative Bearbeitung.;"Free-Tier verfuegbar; Standard nach Einheiten und Nachrichten.";https://learn.microsoft.com/azure/azure-signalr/signalr-overview
Azure Spring Cloud;Verwalteter Dienst fuer Spring-Boot-Apps (jetzt Azure Spring Apps).;Azure Spring Cloud (umbenannt in Azure Spring Apps) bietet eine verwaltete Laufzeitumgebung fuer Spring-Boot- und Spring-Cloud-Anwendungen mit Service Discovery, Config Server, Blue-Green-Deployment und integriertem Monitoring.;"Basic, Standard und Enterprise Tier; nach vCPU-Stunden und Speicher.";https://learn.microsoft.com/azure/spring-apps/overview
Azure Stack;Hybrid-Plattformfamilie fuer Azure-Dienste on-premises.;Azure Stack umfasst Azure Stack Hub (vollstaendiges Azure-Erlebnis im eigenen Rechenzentrum), Azure Stack HCI (hyperkonvergente Infrastruktur mit Azure-Integration) und Azure Stack Edge (Edge-Computing-Geraete). Gemeinsames Ziel: konsistente Hybrid-Cloud.;"Azure Stack Hub: Hardware + Software-Lizenz; HCI: Subscription; Edge: Geraet + Nutzung.";https://learn.microsoft.com/azure-stack/
Azure Synapse Analytics;Integrierte Plattform fuer Data Warehousing und Big Data.;Azure Synapse vereint dedizierte SQL-Pools, serverlose SQL-Pools, Spark-Pools und Data-Explorer-Pools in einem Workspace. Synapse Pipelines orchestrieren Datenfluesse. Integration mit Power BI und Azure ML fuer End-to-End-Analysen.;Abrechnung nach genutzten Pools, DWU und Datenverarbeitung.;https://learn.microsoft.com/azure/synapse-analytics/overview-what-is
Azure Table Storage;Schemalose NoSQL-Tabelle im Azure Storage Account.;Azure Table Storage speichert strukturierte, nicht-relationale Daten als Schluessel-Wert-Paare (PartitionKey, RowKey). Einfach, kostenguenstig und massiv skalierbar. Fuer erweiterte Anforderungen empfiehlt Microsoft Azure Cosmos DB Table API.;Kosten nach gespeichertem Datenvolumen und Transaktionen.;https://learn.microsoft.com/azure/storage/tables/table-storage-overview
Azure Traffic Manager;DNS-basierte globale Lastverteilung.;Azure Traffic Manager verteilt DNS-Anfragen anhand von Routing-Methoden (Priority, Weighted, Performance, Geographic, MultiValue, Subnet) auf globale Endpunkte. Health Checks entfernen ausgefallene Endpunkte automatisch.;Abrechnung nach DNS-Abfragen und Health Checks.;https://learn.microsoft.com/azure/traffic-manager/traffic-manager-overview
Azure Update Management;Patch-Verwaltung fuer Azure- und Hybrid-Systeme.;Azure Update Management (jetzt Teil von Azure Update Manager) bewertet fehlende Updates auf Windows und Linux, plant Wartungsfenster und installiert Patches. Unterstuetzt Azure-VMs, Arc-enabled Server und on-premises-Maschinen.;"Azure Update Manager kostenlos fuer Azure-VMs; Arc-Server per Arc-Lizenz.";https://learn.microsoft.com/azure/update-manager/overview
Azure VPN Gateway;Verschluesselte VPN-Verbindungen zwischen Azure und anderen Netzen.;Azure VPN Gateway stellt IPsec/IKE-basierte Site-to-Site-, Point-to-Site- und VNet-to-VNet-Verbindungen bereit. SKUs reichen von Basic bis VpnGw5AZ mit unterschiedlicher Bandbreite, Tunnel-Anzahl und Verfuegbarkeitszonenunterstuetzung.;Abrechnung nach Gateway-SKU (pro Stunde) und Datenverkehr.;https://learn.microsoft.com/azure/vpn-gateway/vpn-gateway-about-vpngateways
Azure Virtual Machine Scale Sets;Automatisch skalierte Gruppen identischer VMs.;VMSS ermoeglicht das Bereitstellen und Verwalten einer Gruppe identischer VMs mit Auto-Scaling-Regeln, Rolling Upgrades, Fault-Domain-Verteilung und Load-Balancer-Integration. Ideal fuer zustandslose Workloads mit variabler Last.;Kosten fuer die genutzten VM-Instanzen und zugehoerige Ressourcen.;https://learn.microsoft.com/azure/virtual-machine-scale-sets/overview
Azure Virtual Network Peering;Direkte Verbindung zweier VNets ueber Azure-Backbone.;VNet Peering verbindet zwei VNets (regional oder global) mit niedriger Latenz und hoher Bandbreite ueber das Microsoft-Backbone-Netzwerk. Peered VNets kommunizieren ueber private IPs, als waeren sie im selben Netz. NSGs und Route Tables bleiben wirksam.;Abrechnung nach ein- und ausgehendem Datenverkehr.;https://learn.microsoft.com/azure/virtual-network/virtual-network-peering-overview
Azure Virtual WAN;Globale Netzwerkplattform fuer WAN, VPN und ExpressRoute.;Azure Virtual WAN vereint Site-to-Site-VPN, Point-to-Site-VPN, ExpressRoute und VNet-Verbindungen in einem verwalteten Hub-Netzwerk. Secured Hubs integrieren Azure Firewall. Routing-Policies und Routing-Intent steuern den Datenfluss.;Abrechnung nach Hub-Typ, Verbindungstyp und Datenverkehr.;https://learn.microsoft.com/azure/virtual-wan/virtual-wan-about
Azure WebJobs;Hintergrundprozesse im Azure App Service.;Azure WebJobs fuehrt Skripte oder Programme (PowerShell, Bash, .NET, Node.js etc.) als Hintergrundtasks im Kontext eines App-Service-Plans aus. Trigger: zeitgesteuert (CRON), kontinuierlich oder manuell. Fuer neue Projekte werden Azure Functions empfohlen.;In den App-Service-Plan-Kosten enthalten.;https://learn.microsoft.com/azure/app-service/webjobs-create
Azure Workbooks;Interaktive Berichte und Dashboards in Azure Monitor.;Azure Workbooks kombinieren Text, KQL-Abfragen, Metriken, Diagramme und Parameter zu interaktiven Berichten. Sie werden in Azure Monitor, Sentinel, Defender und anderen Diensten fuer Analyse und Visualisierung eingesetzt.;Kostenlos (Logdaten verursachen Log-Analytics-Kosten).;https://learn.microsoft.com/azure/azure-monitor/visualize/workbooks-overview
Subscription;Azure-Abonnement fuer Ressourcen und Abrechnung.;Eine Subscription ist die Verwaltungs- und Abrechnungseinheit in Azure. Sie enthaelt Resource Groups mit Ressourcen, unterliegt RBAC- und Policy-Zuweisungen und kann in Management Groups organisiert werden. Mehrere Subscriptions ermoeglichen Kostenstellen- und Umgebungstrennung.;Typ abhaengig vom Vertrag: Pay-as-you-go, EA, CSP, MCA.;https://learn.microsoft.com/azure/cost-management-billing/manage/create-subscription
Subscription ID;Eindeutige Kennung eines Azure-Abonnements.;Die Subscription ID ist eine GUID, die jedes Azure-Abonnement eindeutig identifiziert. Sie wird in CLI-Befehlen, ARM-Templates, API-Aufrufen und Diagnosen referenziert.;Automatisch bei Subscription-Erstellung generiert.;https://learn.microsoft.com/azure/azure-portal/get-subscription-tenant-id
Service Principal;Anwendungsidentitaet fuer authentifizierten Azure-Zugriff.;Ein Service Principal ist die Entra-ID-Darstellung einer registrierten Anwendung oder eines Dienstes. Er erhaelt RBAC-Rollen auf Azure-Ressourcen und authentifiziert sich per Secret, Zertifikat oder Federated Credential.;"Kostenlos; Teil von Entra ID.";https://learn.microsoft.com/entra/identity-platform/app-objects-and-service-principals
User Assigned Managed Identity;Wiederverwendbare verwaltete Identitaet fuer mehrere Ressourcen.;Eine User Assigned Managed Identity wird als eigenstaendige Azure-Ressource erstellt und kann mehreren VMs, Functions, App Services etc. zugewiesen werden. Ideal, wenn mehrere Ressourcen dieselben Berechtigungen benoetigen.;"Kostenlos; Teil von Entra ID.";https://learn.microsoft.com/entra/identity/managed-identities-azure-resources/overview
System Assigned Managed Identity;Automatisch an eine Azure-Ressource gebundene Identitaet.;Eine System Assigned Managed Identity wird direkt mit einer Azure-Ressource erstellt und geloescht. Sie ist 1:1 an die Ressource gebunden. Token werden automatisch von Azure rotiert, ohne manuelle Secret-Verwaltung.;"Kostenlos; Teil von Entra ID.";https://learn.microsoft.com/entra/identity/managed-identities-azure-resources/overview
Availability Set;Verteilung von VMs auf Fehler- und Update-Domaenen.;Ein Availability Set platziert VMs in getrennten Fault Domains (getrennte Stromversorgung/Netzwerk) und Update Domains (gestaffelte Wartung). So wird das Risiko eines gleichzeitigen Ausfalls oder geplanten Neustarts reduziert.;"Kostenlos; nur die VMs verursachen Kosten.";https://learn.microsoft.com/azure/virtual-machines/availability-set-overview
Availability Zone;Physisch getrennter Standort innerhalb einer Azure-Region.;Availability Zones sind voneinander isolierte Rechenzentren innerhalb einer Azure-Region mit unabhaengiger Stromversorgung, Kuehlung und Netzwerk. Zonale oder zonenredundante Bereitstellungen erhoehen die Ausfallsicherheit auf 99,99 % SLA.;"Kein Aufpreis fuer die Zone selbst; zonenredundante Dienste teils teurere SKUs.";https://learn.microsoft.com/azure/reliability/availability-zones-overview
Azure Arc;Azure-Verwaltung fuer Server, Kubernetes und Dienste ausserhalb von Azure.;Azure Arc projiziert externe Ressourcen (on-premises-Server, AWS/GCP-VMs, Kubernetes-Cluster) in Azure Resource Manager. Damit lassen sich Azure Policy, RBAC, Monitoring, Defender und Update Management einheitlich anwenden.;"Arc-Agent kostenlos; Arc-enabled Data Services und Arc-enabled SQL separat.";https://learn.microsoft.com/azure/azure-arc/overview
Azure Advisor;Personalisierte Empfehlungen fuer Azure-Best-Practices.;Azure Advisor analysiert die Konfiguration und Nutzung von Azure-Ressourcen und gibt priorisierte Empfehlungen in den Kategorien Kosten, Sicherheit, Zuverlaessigkeit, Betrieb und Leistung. Empfehlungen koennen per Automation umgesetzt werden.;Kostenlos.;https://learn.microsoft.com/azure/advisor/advisor-overview
Azure Cost Management + Billing;Kostenanalyse, Budgets und Rechnungsverwaltung.;Azure Cost Management + Billing vereint Kostenaufschluesselungen, Budget-Warnungen, Exports, Reservierungsempfehlungen und Rechnungsverwaltung. Zugang fuer EA-, MCA- und CSP-Kunden ueber das Azure-Portal.;"Kostenlos fuer Azure-Verbrauch; AWS-Konnektor optional kostenpflichtig.";https://learn.microsoft.com/azure/cost-management-billing/
Azure API Management;API-Gateway fuer Veroeffentlichung, Schutz und Monitoring.;Azure API Management stellt ein Gateway vor Backend-APIs, das Authentifizierung, Rate Limiting, Caching, Transformation und Monitoring bereitstellt. Entwicklerportale ermoeglichen Self-Service-API-Zugriff. Unterstuetzt REST, SOAP, GraphQL und WebSocket.;Developer, Basic, Standard, Premium und Consumption Tier.;https://learn.microsoft.com/azure/api-management/api-management-key-concepts
Azure DNS;Verwalteter DNS-Hosting-Dienst in Azure.;Azure DNS hostet DNS-Zonen auf dem globalen Azure-Netzwerk mit Anycast-Routing. Unterstuetzt oeffentliche DNS-Zonen, private DNS-Zonen (VNet-Namensaufloesung) und DNS-basierte Routing-Szenarien. Integration mit Azure-Diensten und ARM-Templates.;Abrechnung nach gehosteten Zonen und DNS-Abfragen.;https://learn.microsoft.com/azure/dns/dns-overview
Azure DDoS Protection;Automatischer Schutz vor DDoS-Angriffen auf Azure-Ressourcen.;Azure DDoS Protection (Standard / Network Protection) erkennt und entschaerft volumetrische und Protokoll-Angriffe auf oeffentliche Azure-Endpunkte automatisch. Telemetrie, Warnungen und Angriffsberichte sind in Azure Monitor integriert.;DDoS Network Protection: feste Monatspauschale plus Overage.;https://learn.microsoft.com/azure/ddos-protection/ddos-protection-overview
Azure Image Builder;Automatisierte Erstellung standardisierter VM-Images.;Azure Image Builder (AIB) automatisiert das Erstellen und Anpassen von Windows- und Linux-VM-Images auf Basis von Packer. Images werden in Shared Image Gallery (Azure Compute Gallery) veroeffentlicht und stehen fuer VMSS, AVD und Einzelbereitstellungen zur Verfuegung.;"Kostenlos; nur die Build-VM und Storage erzeugen Kosten.";https://learn.microsoft.com/azure/virtual-machines/image-builder-overview
Azure Backup Vault;Moderner Tresor fuer Azure-Backup-Szenarien.;Ein Azure Backup Vault ist der Speicherort fuer Backup-Daten neuerer Azure-Workloads (Blobs, Disks, PostgreSQL). Er ergaenzt den klassischen Recovery Services Vault und wird fuer zukuenftige Backup-Features priorisiert.;Kosten nach geschuetzter Datenmenge und Redundanzstufe.;https://learn.microsoft.com/azure/backup/backup-vault-overview
Azure Recovery Services Vault;Klassischer Tresor fuer Backup und Site Recovery.;Der Recovery Services Vault speichert Backup-Daten und Site-Recovery-Konfigurationen fuer VMs, SQL-Datenbanken, File Shares und on-premises-Workloads. Soft Delete, Cross-Region Restore und Immutable Vaults erhoehen die Datensicherheit.;Kosten nach geschuetzten Instanzen und Speicherverbrauch.;https://learn.microsoft.com/azure/backup/backup-azure-recovery-services-vault-overview
Azure App Configuration;Zentraler Konfigurationsspeicher und Feature-Flag-Dienst.;Azure App Configuration verwaltet Anwendungseinstellungen, Verbindungszeichenfolgen und Feature Flags zentral. Apps beziehen Konfigurationen dynamisch ohne Neustart. Integration mit Key Vault fuer Secrets und mit Azure DevOps fuer CI/CD.;"Free und Standard Tier; nach Anfragen und Speicher.";https://learn.microsoft.com/azure/azure-app-configuration/overview
Azure Database for PostgreSQL;Verwalteter PostgreSQL-Datenbankdienst.;Azure Database for PostgreSQL Flexible Server bietet vollstaendig verwaltetes PostgreSQL mit Hochverfuegbarkeit, automatischen Backups, Skalierung und Patchmanagement. Unterstuetzt PostgreSQL-Versionen 13-16 mit Extensions wie PostGIS, pgvector.;Abrechnung nach vCores, Speicher und Backup-Speicher.;https://learn.microsoft.com/azure/postgresql/flexible-server/overview
Azure Database for MySQL;Verwalteter MySQL-Datenbankdienst.;Azure Database for MySQL Flexible Server stellt verwaltetes MySQL mit Zone-redundanter Hochverfuegbarkeit, automatischen Backups und intelligenter Leistungsoptimierung bereit. Unterstuetzt MySQL 5.7 und 8.0.;Abrechnung nach vCores, Speicher und Backup-Speicher.;https://learn.microsoft.com/azure/mysql/flexible-server/overview
Azure Load Testing;Verwalteter Lasttest-Dienst fuer Webanwendungen.;Azure Load Testing fuehrt Apache-JMeter-basierte Lasttests in Azure aus, um Leistungsgrenzen, Skalierungsverhalten und Regressionsprobleme zu identifizieren. CI/CD-Integration ermoeglicht automatisierte Performance-Gates in Pipelines.;Abrechnung nach virtuellen Benutzerstunden.;https://learn.microsoft.com/azure/load-testing/overview-what-is-azure-load-testing
Azure Chaos Studio;Verwalteter Dienst fuer kontrollierte Resilienztests.;Azure Chaos Studio injiziert kontrollierte Fehler (VM-Shutdown, Netzwerk-Latenz, DNS-Ausfall etc.) in Azure-Ressourcen, um die Widerstandsfaehigkeit von Systemen zu pruefen. Experimente werden deklarativ definiert und auditiert.;Abrechnung nach Experimentminuten.;https://learn.microsoft.com/azure/chaos-studio/chaos-studio-overview
Bicep;Domaenenspezifische Sprache fuer Azure Infrastructure as Code.;Bicep ist die von Microsoft empfohlene Nachfolgesprache fuer ARM Templates. Sie bietet praegnantere Syntax, Module, Typ-Validierung und native Integration in Azure CLI, VS Code und Azure DevOps. Bicep-Dateien werden transparent in ARM-JSON kompiliert.;"Kostenlos; Open Source.";https://learn.microsoft.com/azure/azure-resource-manager/bicep/overview
Management Group;Hierarchische Organisation von Azure-Subscriptions.;Management Groups bilden eine Baumstruktur ueber Subscriptions hinweg. Azure Policy, RBAC und Budgets koennen auf Management-Group-Ebene zugewiesen werden und vererben sich automatisch an untergeordnete Subscriptions und Gruppen.;Kostenlos.;https://learn.microsoft.com/azure/governance/management-groups/overview
Role Based Access Control;Rollenbasierte Zugriffskontrolle in Azure.;Azure RBAC steuert Zugriffsrechte ueber Rollenzuweisungen (Role Assignment = Sicherheitsprinzipal + Rolle + Scope). Vordefinierte Rollen (Owner, Contributor, Reader u.v.m.) und benutzerdefinierte Rollen ermoeglichen feingranulare Berechtigungen auf Ressourcen, Gruppen, Subscriptions und Management Groups.;"Kostenlos; Teil jeder Azure Subscription.";https://learn.microsoft.com/azure/role-based-access-control/overview
