Eintrag;Kurzbeschreibung;Langbeschreibung;Lizenz-Info;Weblinks
Content Management System;Plattform zur Erstellung und Pflege von Webinhalten.;Ein CMS trennt Inhalt von Design und ermoeglicht Redakteuren, Seiten, Beitraege, Medien und Menues ohne Programmierkenntnisse zu verwalten. Gaengige Systeme: WordPress (Marktfuehrer, Plugin-Oekosystem), Joomla, Drupal, TYPO3, Webflow und individuelle Loesungen. Auswahlkriterien: Erweiterbarkeit, Sicherheit, SEO-Faehigkeiten, Hosting-Anforderungen und Redaktionsworkflow.;"WordPress kostenlos (Open Source); Hosting, Premium-Themes und Plugins separat. Webflow, Squarespace als SaaS-Modelle.";https://developer.wordpress.org/
Responsive Webdesign;Anpassung von Layout und Bedienung an verschiedene Bildschirmgroessen.;Responsive Webdesign nutzt flexible Grids, relative Einheiten (%, rem, vw), Media Queries und flexible Bilder, damit eine Website auf Desktop, Tablet und Smartphone optimal dargestellt wird. Mobile-First-Ansatz: Design beginnt bei der kleinsten Bildschirmgroesse und wird fuer groessere Viewports erweitert. Google bevorzugt Mobile-friendly-Seiten im Ranking.;"Keine separaten Kosten; Umsetzung im Theme/Framework (Bootstrap, Tailwind, CSS Grid).";https://web.dev/articles/responsive-web-design-basics
Landingpage;Fokussierte Zielseite fuer eine konkrete Aktion.;Eine Landingpage ist auf ein einzelnes Ziel ausgerichtet: Lead-Generierung, Produktverkauf, Terminbuchung oder Download. Sie minimiert Ablenkung (kein globales Menue), hebt den Call-to-Action hervor und nutzt Social Proof, Vertrauenssignale und klare Nutzenargumentation. A/B-Tests optimieren Ueberschriften, Formulare und Button-Texte.;Umsetzung im CMS oder mit Landingpage-Buildern (Unbounce, Leadpages, Elementor).;https://web.dev/learn/forms
Corporate Website;Offizielle Webpraesenz eines Unternehmens.;Die Corporate Website repraesentiert das Unternehmen mit Leistungen, Team, Referenzen, News und Kontaktmoeglichkeiten. Sie dient als Vertrauensanker fuer Kunden, Bewerber und Partner. Technische Anforderungen: DSGVO-Konformitaet (Impressum, Datenschutz, Cookie-Consent), Barrierefreiheit, schnelle Ladezeiten und mobile Optimierung.;"Abhaengig von CMS und Hosting; typisch: Domain + Hosting + Theme + Entwicklung.";https://web.dev/explore/accessible
Conversion Rate;Anteil der Besucher, die eine gewuenschte Aktion ausfuehren.;Die Conversion Rate (CR) misst den Prozentsatz der Website-Besucher, die ein definiertes Ziel erreichen (Formular absenden, Kauf abschliessen, Newsletter abonnieren). Berechnung: Conversions / Besucher x 100. Conversion-Rate-Optimierung (CRO) verbessert CR durch A/B-Tests, UX-Verbesserungen, klarere CTAs und schnellere Ladezeiten.;Messung ueber Google Analytics (kostenlos), Matomo (Open Source) oder kostenpflichtige Tools (Hotjar, Optimizely).;https://support.google.com/analytics/answer/6086209
Technical SEO;Technische Grundlagen fuer effizientes Crawling und Indexierung.;Technical SEO stellt sicher, dass Suchmaschinen eine Website effizient crawlen, rendern und indexieren koennen. Kernbereiche: Seitengeschwindigkeit, Mobile-Friendliness, Crawlbarkeit (robots.txt, XML Sitemap), HTTPS, kanonische URLs, hreflang-Tags, strukturierte Daten und saubere URL-Struktur. Google Search Console ist das primaere Diagnosetool.;"Google Search Console kostenlos; Crawl-Tools (Screaming Frog, Sitebulb) teils kostenpflichtig.";https://developers.google.com/search/docs/crawling-indexing/overview
OnPage SEO;Inhaltliche und strukturelle Optimierung direkt auf der Website.;OnPage SEO umfasst die Optimierung von Title Tags, Meta Descriptions, Ueberschriftenstruktur (H1-H6), internen Verlinkungen, Bild-Alt-Texten, URL-Struktur, Content-Qualitaet und Keyword-Platzierung. Ziel: Suchmaschinen den Inhalt und die Relevanz einer Seite klar zu signalisieren, ohne Keyword-Stuffing zu betreiben.;"Keine Toolkosten fuer die Umsetzung; Analyse mit Yoast SEO (WordPress), Rank Math oder Surfer SEO.";https://developers.google.com/search/docs/fundamentals/seo-starter-guide
Local SEO;Sichtbarkeit in ortsbezogenen Suchanfragen verbessern.;Local SEO optimiert die Praesenz in lokalen Suchergebnissen und Google Maps. Kernmassnahmen: Google Business Profile pflegen (Oeffnungszeiten, Fotos, Bewertungen), NAP-Konsistenz (Name, Adresse, Telefon) ueber alle Verzeichnisse, lokale Keywords, Bewertungsmanagement und lokale Backlinks. Besonders relevant fuer Dienstleister, Einzelhandel und Gastronomie.;"Google Business Profile kostenlos; lokale Verzeichniseintraege teils kostenpflichtig.";https://developers.google.com/search/docs/specialty/local
Schema Markup;Strukturierte Daten fuer bessere Suchmaschinen-Interpretation.;Schema Markup (schema.org) ergaenzt HTML um maschinenlesbare Informationen: Unternehmensdaten, FAQs, Produkte, Bewertungen, Events, Rezepte u.v.m. Suchmaschinen nutzen diese Daten fuer Rich Snippets und Knowledge Panels. Formate: JSON-LD (empfohlen), Microdata, RDFa. Google Rich Results Test prueft die Implementierung.;"Kostenlos; Implementierung im CMS oder Theme.";https://developers.google.com/search/docs/appearance/structured-data/intro-structured-data
Core Web Vitals;Google-Kennzahlen fuer Ladezeit, Interaktivitaet und visuelle Stabilitaet.;Core Web Vitals messen die Nutzererfahrung: LCP (Largest Contentful Paint, Ladezeit < 2,5s), INP (Interaction to Next Paint, Interaktivitaet < 200ms) und CLS (Cumulative Layout Shift, visuelle Stabilitaet < 0,1). Sie sind seit 2021 ein Google-Rankingfaktor. Messung ueber PageSpeed Insights, Chrome UX Report und Search Console.;Kostenlos messbar ueber Google-Tools.;https://web.dev/articles/vitals
Page Speed;Ladegeschwindigkeit von Webseiten.;Page Speed beschreibt, wie schnell Seiteninhalte geladen, gerendert und interaktiv werden. Optimierungsmassnahmen: Bildkomprimierung (WebP/AVIF), Lazy Loading, CSS/JS-Minimierung, Browser-Caching, CDN-Einsatz, Server-Antwortzeit (TTFB) reduzieren und kritischen Rendering-Pfad optimieren. Google PageSpeed Insights und GTmetrix liefern konkrete Handlungsempfehlungen.;"Google PageSpeed Insights und GTmetrix kostenlos; CDN-Dienste (Cloudflare Free-Tier verfuegbar).";https://pagespeed.web.dev/
SSL-Zertifikat;Verschluesselte HTTPS-Verbindung zwischen Browser und Server.;Ein SSL/TLS-Zertifikat verschluesselt die Datenübertragung, authentifiziert den Server und ist Voraussetzung fuer HTTPS. Seit 2014 ist HTTPS ein Google-Rankingfaktor. Typen: DV (Domain Validated), OV (Organization Validated), EV (Extended Validation). Let's Encrypt bietet kostenlose DV-Zertifikate mit 90-Tage-Laufzeit und automatischer Erneuerung.;"Let's Encrypt kostenlos; OV/EV-Zertifikate bei CAs (DigiCert, Sectigo) kostenpflichtig.";https://letsencrypt.org/docs/
Content-Strategie;Systematische Planung von Themen, Formaten und Zielgruppen.;Eine Content-Strategie definiert, welche Inhalte fuer welche Zielgruppe in welchem Format und auf welchem Kanal veroeffentlicht werden. Sie umfasst Themenrecherche, Redaktionsplan, Content-Erstellung, Distribution, Performance-Messung und Content-Updates. Ziel: nachhaltige Sichtbarkeit, Autoritaet und Nutzerbindung aufbauen.;"Organisatorisch; unterstuetzt durch Redaktionsplanung (Trello, Notion, CoSchedule).";https://developers.google.com/search/docs/fundamentals/creating-helpful-content
Keyword-Recherche;Ermittlung relevanter Suchbegriffe und Suchintentionen.;Keyword-Recherche identifiziert Suchbegriffe, die die Zielgruppe verwendet, bewertet Suchvolumen, Wettbewerb und Suchintention (informational, navigational, transactional) und clustert Keywords thematisch. Ergebnis: priorisierte Keyword-Liste als Grundlage fuer Content-Planung und OnPage-Optimierung. Tools: Google Keyword Planner, Ahrefs, Semrush, Ubersuggest.;"Google Keyword Planner kostenlos (mit Google Ads Konto); Ahrefs/Semrush kostenpflichtig; Ubersuggest Freemium.";https://developers.google.com/search/docs/fundamentals/seo-starter-guide
Meta Description;Kurzbeschreibung einer Seite in den Suchergebnissen.;Die Meta Description ist ein HTML-Meta-Tag, der den Seiteninhalt in ca. 155-160 Zeichen zusammenfasst. Sie erscheint als Snippet-Text in den Suchergebnissen und beeinflusst die Klickrate (CTR), ist aber kein direkter Rankingfaktor. Jede Seite sollte eine einzigartige, handlungsorientierte Meta Description erhalten.;"Keine Kosten; Umsetzung im CMS oder HTML.";https://developers.google.com/search/docs/appearance/snippet
Title Tag;Seitentitel als wichtigstes OnPage-SEO-Signal.;Der Title Tag (HTML <title>) erscheint im Browser-Tab und als klickbare Ueberschrift in den Suchergebnissen. Er ist einer der staerksten OnPage-Rankingfaktoren. Best Practices: Primaer-Keyword vorn, maximal 60 Zeichen, einzigartig pro Seite, markenrelevanter Zusatz am Ende (z. B. '| Firmenname').;"Keine Kosten; Umsetzung im CMS oder HTML.";https://developers.google.com/search/docs/appearance/title-link
Redirect Management;Steuerung von Weiterleitungen fuer Nutzer und Suchmaschinen.;Redirect Management stellt sicher, dass geaenderte oder geloeschte URLs per 301 (permanent) oder 302 (temporaer) auf gueltige Ziele weiterleiten. Saubere Redirects erhalten Link-Equity, vermeiden 404-Fehler und schuetzen die Nutzererfahrung. Bei Relaunches ist ein Redirect-Mapping (alte URL > neue URL) Pflicht.;"Keine Kosten; Umsetzung per .htaccess, Nginx-Config, CMS-Plugin oder CDN-Regeln.";https://developers.google.com/search/docs/crawling-indexing/301-redirects
XML Sitemap;Strukturierte URL-Liste fuer Suchmaschinen.;Eine XML Sitemap listet die wichtigsten URLs einer Website mit optionalen Angaben zu Aenderungsdatum, Prioritaet und Aktualisierungsfrequenz. Sie wird in der Google Search Console und Bing Webmaster Tools eingereicht und hilft Suchmaschinen, neue oder geaenderte Seiten schneller zu entdecken.;"Kostenlos; automatische Generierung ueber CMS-Plugins (Yoast, Rank Math) oder Screaming Frog.";https://developers.google.com/search/docs/crawling-indexing/sitemaps/overview
robots.txt;Crawler-Anweisungen fuer erlaubte und gesperrte Bereiche.;Die robots.txt-Datei im Root-Verzeichnis einer Website gibt Suchmaschinen-Crawlern Hinweise, welche Verzeichnisse oder Dateien sie crawlen duerfen oder meiden sollen (Disallow). Sie ist kein Sicherheitsmechanismus (URLs bleiben erreichbar), sondern steuert das Crawl-Budget. Fehlkonfigurationen koennen die gesamte Indexierung blockieren.;"Kostenlos; manuelle Erstellung oder CMS-generiert.";https://developers.google.com/search/docs/crawling-indexing/robots/intro
Tracking Setup;Technische Einrichtung von Analyse- und Conversion-Messung.;Ein Tracking Setup implementiert Analyse-Tools (Google Analytics 4, Matomo), Tag-Management (Google Tag Manager), Conversion-Tracking (Google Ads, Meta Pixel) und Event-Tracking auf einer Website. DSGVO-konformes Setup erfordert Cookie-Consent-Management (z. B. Cookiebot, Borlabs) und ggf. serverseitiges Tagging.;"Google Analytics und Tag Manager kostenlos; Matomo Open Source; Consent-Tools teils kostenpflichtig.";https://developers.google.com/analytics/devguides/collection/ga4
Analytics Dashboard;Uebersichtliche Auswertung von Web- und Marketing-Kennzahlen.;Ein Analytics Dashboard buendelt KPIs wie Seitenaufrufe, Verweildauer, Absprungrate, Conversion Rate, Traffic-Quellen und Top-Seiten in einer visuellen Uebersicht. Tools: Google Analytics 4 (nativ), Looker Studio (kostenlos), Matomo-Dashboards, Power BI oder Grafana fuer individuelle Anforderungen.;"Google Analytics und Looker Studio kostenlos; Power BI Pro in M365 E5 oder separat.";https://lookerstudio.google.com/
Kontaktformular;Strukturierter Einstiegspunkt fuer Anfragen auf der Website.;"Ein Kontaktformular erfasst Name, E-Mail, Betreff und Nachricht und leitet die Anfrage per E-Mail oder an ein CRM/Ticket-System weiter. Spam-Schutz (reCAPTCHA, Honeypot), DSGVO-Hinweis und Bestaetigungsseite sind Pflichtbestandteile. In WordPress: Contact Form 7, WPForms, Gravity Forms; in Custom-CMS per HTML/PHP oder API.";"Contact Form 7 kostenlos; WPForms/Gravity Forms Premium kostenpflichtig.";https://web.dev/learn/forms
Barrierefreiheit im Web;Zugaenglichkeit digitaler Inhalte fuer alle Nutzergruppen.;Web Accessibility (a11y) stellt sicher, dass Websites auch fuer Menschen mit Seh-, Hoer-, Motorik- oder kognitiven Einschraenkungen nutzbar sind. Standards: WCAG 2.1/2.2 (Stufen A, AA, AAA). Massnahmen: semantisches HTML, Alt-Texte, Tastaturnavigation, ausreichende Kontraste, ARIA-Attribute und Screenreader-Kompatibilitaet. Ab 2025 gilt das Barrierefreiheitsstaerkungsgesetz (BFSG) in Deutschland.;"Umsetzung ohne Toolkosten; Pruefung mit Lighthouse, axe DevTools (kostenlos) oder WAVE.";https://web.dev/explore/accessible
Bildoptimierung;Komprimierung, Formatwahl und Auslieferung von Website-Bildern.;Bildoptimierung reduziert Dateigroessen ohne sichtbaren Qualitaetsverlust durch moderne Formate (WebP, AVIF), responsive Bildgroessen (srcset), Lazy Loading und CDN-Auslieferung. Grosse, unkomprimierte Bilder sind haeufigste Ursache fuer langsame Ladezeiten. Alt-Texte verbessern Barrierefreiheit und Bild-SEO.;Kostenlos: Squoosh, ShortPixel Free-Tier, CMS-Plugins (Imagify, EWWW).;https://web.dev/articles/fast#optimize_your_images
Blog-Strategie;Themenplanung und Veroeffentlichungsrhythmus fuer nachhaltigen Content.;Eine Blog-Strategie verbindet Keyword-Recherche, Suchintention und Themencluster zu einem Redaktionsplan. Regelmaessige, qualitativ hochwertige Beitraege bauen thematische Autoritaet auf, generieren organischen Traffic und stuetzen interne Verlinkung. Evergreen-Content und regelmaessige Updates bestehender Artikel erhoehen die Langzeitwirkung.;"Organisatorisch; CMS und SEO-Tools fuer Umsetzung und Analyse.";https://developers.google.com/search/docs/fundamentals/creating-helpful-content
