FIRST_NAME;LAST_NAME;COMPANY;POSITION;BIOGRAPHY;WEBSITE;CITY;COUNTRY;AVAILABILITY;EXPERIENCE_YEARS;HOURLY_RATE;DAILY_RATE;SKILLS_GENERAL;SKILLS_TECH;SKILLS_SOFT;AWARDS;CERTIFICATIONS;STATUS
Heike;Hagemeier;BMI;Cybersecurity Research;Cybersecurity Research bei BMI. Speaker aus dem Event-Datensatz 2026 (Profil zur Prüfung).;https://www.omnisecure.berlin/;;;available;;;;Cybersecurity Research;Cybersecurity Research;Präsentation, Kommunikation;;;active
Daniel;Loebenberger;OTH Amberg-Weiden;Informatik / Kryptographie;Informatik / Kryptographie bei OTH Amberg-Weiden. Speaker aus dem Event-Datensatz 2026 (Profil zur Prüfung).;https://www.omnisecure.berlin/;;;available;;;;Informatik, Kryptographie;Informatik, Kryptographie;Präsentation, Kommunikation;;;active
Marian;Margraf;Freie Universität Berlin;Informatik / Digital ID;Informatik / Digital ID bei Freie Universität Berlin. Speaker aus dem Event-Datensatz 2026 (Profil zur Prüfung).;https://www.omnisecure.berlin/;;;available;;;;Informatik, Digital ID;Informatik, Digital ID;Präsentation, Kommunikation;;;active
Stephan;Klein;Governikus;Digital Identity / eID;Digital Identity / eID bei Governikus. Speaker aus dem Event-Datensatz 2026 (Profil zur Prüfung).;https://www.governikus.de/;;;available;;;;Digital Identity, eID;Digital Identity, eID;Präsentation, Kommunikation;;;active
Hartje;Bruns;Governikus;Digital Identity;Digital Identity bei Governikus. Speaker aus dem Event-Datensatz 2026 (Profil zur Prüfung).;https://www.governikus.de/;;;available;;;;Digital Identity;Digital Identity;Präsentation, Kommunikation;;;active
Tobias;Fehenberger;Adva Network Security;Quantum-Safe Cryptography;Quantum-Safe Cryptography bei Adva Network Security. Speaker aus dem Event-Datensatz 2026 (Profil zur Prüfung).;https://www.omnisecure.berlin/;;;available;;;;Quantum-Safe Cryptography;Quantum-Safe Cryptography;Präsentation, Kommunikation;;;active
Marwan;Abu-Khalil;Siemens AG;Software Architecture;Software Architecture bei Siemens AG. Speaker aus dem Event-Datensatz 2026 (Profil zur Prüfung).;https://www.oop-konferenz.de/;;;available;;;;Software Architecture;Software Architecture;Präsentation, Kommunikation;;;active
Adam;Bien;adam-bien.com;Java / Cloud Native;Java / Cloud Native bei adam-bien.com. Speaker aus dem Event-Datensatz 2026 (Profil zur Prüfung).;http://adam-bien.com/;;;available;;;;Java, Cloud Native;Java, Cloud Native;Präsentation, Kommunikation;Java Champion;;active
Stefan;Toth;embarc GmbH;Software-Architektur;Software-Architektur bei embarc GmbH. Speaker aus dem Event-Datensatz 2026 (Profil zur Prüfung).;https://www.oop-konferenz.de/;;;available;;;;Software-Architektur;Software-Architektur;Präsentation, Kommunikation;;;active
Falk;Sippach;embarc GmbH;Software-Architektur / DDD;Software-Architektur / DDD bei embarc GmbH. Speaker aus dem Event-Datensatz 2026 (Profil zur Prüfung).;https://www.oop-konferenz.de/;;;available;;;;Software-Architektur, DDD;Software-Architektur, DDD;Präsentation, Kommunikation;;;active
Stefan;Zörner;embarc GmbH;Software-Architektur;Software-Architektur bei embarc GmbH. Speaker aus dem Event-Datensatz 2026 (Profil zur Prüfung).;https://www.oop-konferenz.de/;;;available;;;;Software-Architektur;Software-Architektur;Präsentation, Kommunikation;;;active
Kim;Duggen;embarc GmbH;Software-Architektur;Software-Architektur bei embarc GmbH. Speaker aus dem Event-Datensatz 2026 (Profil zur Prüfung).;https://www.oop-konferenz.de/;;;available;;;;Software-Architektur;Software-Architektur;Präsentation, Kommunikation;;;active
Alexander;Kaserbacher;;Software Architecture;Software Architecture. Speaker aus dem Event-Datensatz 2026 (Profil zur Prüfung).;https://www.oop-konferenz.de/;;;available;;;;Software Architecture;Software Architecture;Präsentation, Kommunikation;;;active
Felix;Kammerlander;;Software Architecture;Software Architecture. Speaker aus dem Event-Datensatz 2026 (Profil zur Prüfung).;https://www.oop-konferenz.de/;;;available;;;;Software Architecture;Software Architecture;Präsentation, Kommunikation;;;active
Bernd;Rattey;Deutsche Bahn;CIO / IT-Strategie;CIO / IT-Strategie bei Deutsche Bahn. Speaker aus dem Event-Datensatz 2026 (Profil zur Prüfung).;https://www.it-strategietage.de/;;;available;;;;CIO, IT-Strategie;CIO, IT-Strategie;Präsentation, Kommunikation;;;active
Elke;Anderl;T-Systems;Industrial AI Cloud;Industrial AI Cloud bei T-Systems. Speaker aus dem Event-Datensatz 2026 (Profil zur Prüfung).;https://www.t-systems.com/;;;available;;;;Industrial AI Cloud;Industrial AI Cloud;Präsentation, Kommunikation;;;active
Claudia;Plattner;BSI;Cybersecurity & AI;Cybersecurity & AI bei BSI. Speaker aus dem Event-Datensatz 2026 (Profil zur Prüfung).;https://www.bsi.bund.de/;;;available;;;;Cybersecurity & AI;Cybersecurity & AI;Präsentation, Kommunikation;BSI-Präsidentin;;active
Franz;Decker;BMW;CIO / Digital Transformation;CIO / Digital Transformation bei BMW. Speaker aus dem Event-Datensatz 2026 (Profil zur Prüfung).;https://www.it-strategietage.de/;;;available;;;;CIO, Digital Transformation;CIO, Digital Transformation;Präsentation, Kommunikation;;;active
Thorsten;Butz;IT-Trainer;M365 / Azure / Modern Work;M365 / Azure / Modern Work bei IT-Trainer. Speaker aus dem Event-Datensatz 2026 (Profil zur Prüfung).;;;;available;;;;M365, Azure, Modern Work;M365, Azure, Modern Work;Präsentation, Kommunikation;Microsoft MVP;;active
Anna-Theresa;Korbutt;Hamburg Transport (HHA);ÖPNV / Keynote;ÖPNV / Keynote bei Hamburg Transport (HHA). Speaker aus dem Event-Datensatz 2026 (Profil zur Prüfung).;https://www.it-trans.org/;;;available;;;;ÖPNV, Keynote;ÖPNV, Keynote;Präsentation, Kommunikation;;;active
Martin;Kagerbauer;KIT;Verkehrsplanung;Verkehrsplanung bei KIT. Speaker aus dem Event-Datensatz 2026 (Profil zur Prüfung).;https://www.kit.edu/;;;available;;;;Verkehrsplanung;Verkehrsplanung;Präsentation, Kommunikation;;;active
Alexander;Pischon;KVV;ÖPNV-Management;ÖPNV-Management bei KVV. Speaker aus dem Event-Datensatz 2026 (Profil zur Prüfung).;https://www.it-trans.org/;;;available;;;;ÖPNV-Management;ÖPNV-Management;Präsentation, Kommunikation;;;active
Natalie;Rodriguez;Hamburger Hochbahn;Innovation & Strategie;Innovation & Strategie bei Hamburger Hochbahn. Speaker aus dem Event-Datensatz 2026 (Profil zur Prüfung).;https://www.it-trans.org/;;;available;;;;Innovation & Strategie;Innovation & Strategie;Präsentation, Kommunikation;;;active
Venkat;Subramaniam;Agile Developer Inc.;Java / Agile Development;Java / Agile Development bei Agile Developer Inc.. Speaker aus dem Event-Datensatz 2026 (Profil zur Prüfung).;https://www.javaland.eu/;;;available;;;;Java, Agile Development;Java, Agile Development;Präsentation, Kommunikation;Java Champion;;active
Patrick;Baumgartner;;Java Development;Java Development. Speaker aus dem Event-Datensatz 2026 (Profil zur Prüfung).;https://www.javaland.eu/;;;available;;;;Java Development;Java Development;Präsentation, Kommunikation;;;active
Bruno;Borges;;Java Development;Java Development. Speaker aus dem Event-Datensatz 2026 (Profil zur Prüfung).;https://www.javaland.eu/;;;available;;;;Java Development;Java Development;Präsentation, Kommunikation;;;active
Richard J.;Simoncic;Microchip Technology;IoT / AI Keynote;IoT / AI Keynote bei Microchip Technology. Speaker aus dem Event-Datensatz 2026 (Profil zur Prüfung).;https://www.embedded-world.de/;;;available;;;;IoT, AI Keynote;IoT, AI Keynote;Präsentation, Kommunikation;;;active
Stefan;Finkbeiner;Bosch Sensortec;Sensor Technology / IoT;Sensor Technology / IoT bei Bosch Sensortec. Speaker aus dem Event-Datensatz 2026 (Profil zur Prüfung).;https://www.embedded-world.de/;;;available;;;;Sensor Technology, IoT;Sensor Technology, IoT;Präsentation, Kommunikation;;;active
Daniel;Müller-Gritschneder;TU Wien;Embedded Systems;Embedded Systems bei TU Wien. Speaker aus dem Event-Datensatz 2026 (Profil zur Prüfung).;https://www.embedded-world.de/;;;available;;;;Embedded Systems;Embedded Systems;Präsentation, Kommunikation;;;active
Axel;Sikora;HS Offenburg;Embedded Systems;Embedded Systems bei HS Offenburg. Speaker aus dem Event-Datensatz 2026 (Profil zur Prüfung).;https://www.embedded-world.de/;;;available;;;;Embedded Systems;Embedded Systems;Präsentation, Kommunikation;;;active
Easen;Ho;Vantron Technology;Embedded / IoT;Embedded / IoT bei Vantron Technology. Speaker aus dem Event-Datensatz 2026 (Profil zur Prüfung).;https://www.embedded-world.de/;;;available;;;;Embedded, IoT;Embedded, IoT;Präsentation, Kommunikation;;;active
Gregor;Kuznik;;Global Information Security Officer / Zero Trust;Global Information Security Officer / Zero Trust. Speaker aus dem Event-Datensatz 2026 (Profil zur Prüfung).;https://www.we-conect.com/;;;available;;;;Global Information Security Officer, Zero Trust;Global Information Security Officer, Zero Trust;Präsentation, Kommunikation;;;active
Klaus;Bauer;;Head of Research / Cloud Security;Head of Research / Cloud Security. Speaker aus dem Event-Datensatz 2026 (Profil zur Prüfung).;https://www.we-conect.com/;;;available;;;;Head of Research, Cloud Security;Head of Research, Cloud Security;Präsentation, Kommunikation;;;active
Klaus;Klingner;;Information Security Officer;Information Security Officer. Speaker aus dem Event-Datensatz 2026 (Profil zur Prüfung).;https://www.we-conect.com/;;;available;;;;Information Security Officer;Information Security Officer;Präsentation, Kommunikation;;;active
Louis;Servin;;Enterprise Security Architecture;Enterprise Security Architecture. Speaker aus dem Event-Datensatz 2026 (Profil zur Prüfung).;https://www.we-conect.com/;;;available;;;;Enterprise Security Architecture;Enterprise Security Architecture;Präsentation, Kommunikation;;;active
Pascal;Reiniger;;CISO / Ransomware Defense;CISO / Ransomware Defense. Speaker aus dem Event-Datensatz 2026 (Profil zur Prüfung).;https://www.we-conect.com/;;;available;;;;CISO, Ransomware Defense;CISO, Ransomware Defense;Präsentation, Kommunikation;;;active
Pierre-Alain;Mouy;;Cybersecurity in Space / Quantum;Cybersecurity in Space / Quantum. Speaker aus dem Event-Datensatz 2026 (Profil zur Prüfung).;;;;available;;;;Cybersecurity in Space, Quantum;Cybersecurity in Space, Quantum;Präsentation, Kommunikation;;;active
Moritz;Mayer;A1 Digital;IT Security Solutions;IT Security Solutions bei A1 Digital. Speaker aus dem Event-Datensatz 2026 (Profil zur Prüfung).;;;;available;;;;IT Security Solutions;IT Security Solutions;Präsentation, Kommunikation;;;active
Ralf;Wintergerst;Giesecke+Devrient / Bitkom;Digital Transformation / Bitkom-Präsident;Digital Transformation / Bitkom-Präsident bei Giesecke+Devrient / Bitkom. Speaker aus dem Event-Datensatz 2026 (Profil zur Prüfung).;;;;available;;;;Digital Transformation, Bitkom-Präsident;Digital Transformation, Bitkom-Präsident;Präsentation, Kommunikation;;;active
Brittany;Kaiser;Own Your Data;Digital Rights / Data Privacy;Digital Rights / Data Privacy bei Own Your Data. Speaker aus dem Event-Datensatz 2026 (Profil zur Prüfung).;https://www.cloudfest.com/;;;available;;;;Digital Rights, Data Privacy;Digital Rights, Data Privacy;Präsentation, Kommunikation;;;active
Sebastian;Schreiber;SySS GmbH;Cybersecurity / Penetration Testing;Cybersecurity / Penetration Testing bei SySS GmbH. Speaker aus dem Event-Datensatz 2026 (Profil zur Prüfung).;https://www.syss.de/;;;available;;;;Cybersecurity, Penetration Testing;Cybersecurity, Penetration Testing;Präsentation, Kommunikation;;;active
Radia;Perlman;Internet Pioneer;Internet Infrastructure / Networking;Internet Infrastructure / Networking bei Internet Pioneer. Speaker aus dem Event-Datensatz 2026 (Profil zur Prüfung).;https://www.cloudfest.com/;;;available;;;;Internet Infrastructure, Networking;Internet Infrastructure, Networking;Präsentation, Kommunikation;;;active
Bernd;Schlömer;CIO Sachsen-Anhalt;Digitale Verwaltung;Digitale Verwaltung bei CIO Sachsen-Anhalt. Speaker aus dem Event-Datensatz 2026 (Profil zur Prüfung).;https://kommdigitale.de/;;;available;;;;Digitale Verwaltung;Digitale Verwaltung;Präsentation, Kommunikation;;;active
Alexander;Handschuh;DStGB;Kommunale Digitalisierung;Kommunale Digitalisierung bei DStGB. Speaker aus dem Event-Datensatz 2026 (Profil zur Prüfung).;https://kommdigitale.de/;;;available;;;;Kommunale Digitalisierung;Kommunale Digitalisierung;Präsentation, Kommunikation;;;active
Ludmilla;Middecke;Stadt Bielefeld;eGovernment-Strategie;eGovernment-Strategie bei Stadt Bielefeld. Speaker aus dem Event-Datensatz 2026 (Profil zur Prüfung).;https://kommdigitale.de/;;;available;;;;eGovernment-Strategie;eGovernment-Strategie;Präsentation, Kommunikation;;;active
Detlef;Bäumer;PICTURE GmbH;Prozessmanagement / Change;Prozessmanagement / Change bei PICTURE GmbH. Speaker aus dem Event-Datensatz 2026 (Profil zur Prüfung).;https://kommdigitale.de/;;;available;;;;Prozessmanagement, Change;Prozessmanagement, Change;Präsentation, Kommunikation;;;active
Oliver;Kreth;Ceyoniq;Digital Transformation / DMS;Digital Transformation / DMS bei Ceyoniq. Speaker aus dem Event-Datensatz 2026 (Profil zur Prüfung).;https://www.ceyoniq.com/;;;available;;;;Digital Transformation, DMS;Digital Transformation, DMS;Präsentation, Kommunikation;;;active
Robert;Wander;E-Government Consulting;Verwaltungsdigitalisierung;Verwaltungsdigitalisierung bei E-Government Consulting. Speaker aus dem Event-Datensatz 2026 (Profil zur Prüfung).;https://kommdigitale.de/;;;available;;;;Verwaltungsdigitalisierung;Verwaltungsdigitalisierung;Präsentation, Kommunikation;;;active
Matthias;Blatz;Heidelberg iT Management;AI / Data Center;AI / Data Center bei Heidelberg iT Management. Speaker aus dem Event-Datensatz 2026 (Profil zur Prüfung).;https://www.ai-conference.de/;;;available;;;;AI, Data Center;AI, Data Center;Präsentation, Kommunikation;;;active
Dona;Sarkar;Microsoft;Microsoft Copilot;Microsoft Copilot bei Microsoft. Speaker aus dem Event-Datensatz 2026 (Profil zur Prüfung).;;;;available;;;;Microsoft Copilot;Microsoft Copilot;Präsentation, Kommunikation;Microsoft;;active
Kevin;McDonnell;;Microsoft Technologies;Microsoft Technologies. Speaker aus dem Event-Datensatz 2026 (Profil zur Prüfung).;;;;available;;;;Microsoft Technologies;Microsoft Technologies;Präsentation, Kommunikation;MVP;;active
Zoe;Wilson;;Microsoft Technologies;Microsoft Technologies. Speaker aus dem Event-Datensatz 2026 (Profil zur Prüfung).;;;;available;;;;Microsoft Technologies;Microsoft Technologies;Präsentation, Kommunikation;MVP;;active
Sara;Fennah;;Microsoft Governance;Microsoft Governance. Speaker aus dem Event-Datensatz 2026 (Profil zur Prüfung).;;;;available;;;;Microsoft Governance;Microsoft Governance;Präsentation, Kommunikation;MVP;;active
Raphael;Köllner;;Microsoft Technologies;Microsoft Technologies. Speaker aus dem Event-Datensatz 2026 (Profil zur Prüfung).;;;;available;;;;Microsoft Technologies;Microsoft Technologies;Präsentation, Kommunikation;MVP;;active
Vesa;Nopanen;;Microsoft Technologies;Microsoft Technologies. Speaker aus dem Event-Datensatz 2026 (Profil zur Prüfung).;;;;available;;;;Microsoft Technologies;Microsoft Technologies;Präsentation, Kommunikation;MVP;;active
Pieter;Op de Beéck;;Microsoft Technologies;Microsoft Technologies. Speaker aus dem Event-Datensatz 2026 (Profil zur Prüfung).;;;;available;;;;Microsoft Technologies;Microsoft Technologies;Präsentation, Kommunikation;MVP;;active
Keith;Atherton;;Power Platform Architecture;Power Platform Architecture. Speaker aus dem Event-Datensatz 2026 (Profil zur Prüfung).;;;;available;;;;Power Platform Architecture;Power Platform Architecture;Präsentation, Kommunikation;MVP;;active
Scott;Durow;Microsoft;Power Platform / Vibe Engineering;Power Platform / Vibe Engineering bei Microsoft. Speaker aus dem Event-Datensatz 2026 (Profil zur Prüfung).;;;;available;;;;Power Platform, Vibe Engineering;Power Platform, Vibe Engineering;Präsentation, Kommunikation;;;active
Marthe;Moengen;;Microsoft Fabric / Power BI;Microsoft Fabric / Power BI. Speaker aus dem Event-Datensatz 2026 (Profil zur Prüfung).;;;;available;;;;Microsoft Fabric, Power BI;Microsoft Fabric, Power BI;Präsentation, Kommunikation;;;active
Emilie;Rønning;;Microsoft Fabric / Data;Microsoft Fabric / Data. Speaker aus dem Event-Datensatz 2026 (Profil zur Prüfung).;;;;available;;;;Microsoft Fabric, Data;Microsoft Fabric, Data;Präsentation, Kommunikation;;;active
Kathrin;Borchert;;Power BI & Fabric Administration;Power BI & Fabric Administration. Speaker aus dem Event-Datensatz 2026 (Profil zur Prüfung).;;;;available;;;;Power BI & Fabric Administration;Power BI & Fabric Administration;Präsentation, Kommunikation;MVP;;active
Cedrik;Neike;Siemens AG;Industrial Automation / AI;Industrial Automation / AI bei Siemens AG. Speaker aus dem Event-Datensatz 2026 (Profil zur Prüfung).;https://www.siemens.com/;;;available;;;;Industrial Automation, AI;Industrial Automation, AI;Präsentation, Kommunikation;;;active
Armin;Papperger;Rheinmetall;Defense & Technology;Defense & Technology bei Rheinmetall. Speaker aus dem Event-Datensatz 2026 (Profil zur Prüfung).;https://www.hannovermesse.de/;;;available;;;;Defense & Technology;Defense & Technology;Präsentation, Kommunikation;;;active
Amy;Webb;Future Today Institute;Technology Trends / AI;Technology Trends / AI bei Future Today Institute. Speaker aus dem Event-Datensatz 2026 (Profil zur Prüfung).;https://amywebb.io/;;;available;;;;Technology Trends, AI;Technology Trends, AI;Präsentation, Kommunikation;;;active
Julie;Sweet;Accenture;Organizational Transformation / AI;Organizational Transformation / AI bei Accenture. Speaker aus dem Event-Datensatz 2026 (Profil zur Prüfung).;https://www.accenture.com/;;;available;;;;Organizational Transformation, AI;Organizational Transformation, AI;Präsentation, Kommunikation;;;active
Pablo;Erat;On AG / LightSpray;Industrial Technology;Industrial Technology bei On AG / LightSpray. Speaker aus dem Event-Datensatz 2026 (Profil zur Prüfung).;https://www.hannovermesse.de/;;;available;;;;Industrial Technology;Industrial Technology;Präsentation, Kommunikation;;;active
Emma;Saroyan;;Open Source Community Building;Open Source Community Building. Speaker aus dem Event-Datensatz 2026 (Profil zur Prüfung).;https://2026.pgconf.de/;;;available;;;;Open Source Community Building;Open Source Community Building;Präsentation, Kommunikation;;;active
Valeria;Kaplan;;PostgreSQL Contributions;PostgreSQL Contributions. Speaker aus dem Event-Datensatz 2026 (Profil zur Prüfung).;https://2026.pgconf.de/;;;available;;;;PostgreSQL Contributions;PostgreSQL Contributions;Präsentation, Kommunikation;;;active
Jan;Wieremjewicz;;PostgreSQL / Legacy Systems;PostgreSQL / Legacy Systems. Speaker aus dem Event-Datensatz 2026 (Profil zur Prüfung).;https://2026.pgconf.de/;;;available;;;;PostgreSQL, Legacy Systems;PostgreSQL, Legacy Systems;Präsentation, Kommunikation;;;active
Chris;Engelbert;;PostgreSQL / Async I/O;PostgreSQL / Async I/O. Speaker aus dem Event-Datensatz 2026 (Profil zur Prüfung).;https://2026.pgconf.de/;;;available;;;;PostgreSQL, Async I, O;PostgreSQL, Async I, O;Präsentation, Kommunikation;;;active
Dirk;Krautschick;;Database Performance;Database Performance. Speaker aus dem Event-Datensatz 2026 (Profil zur Prüfung).;https://2026.pgconf.de/;;;available;;;;Database Performance;Database Performance;Präsentation, Kommunikation;;;active
David;Matusiewicz;FOM University;Healthcare Management / Digital Health;Healthcare Management / Digital Health bei FOM University. Speaker aus dem Event-Datensatz 2026 (Profil zur Prüfung).;https://www.dmea.de/;;;available;;;;Healthcare Management, Digital Health;Healthcare Management, Digital Health;Präsentation, Kommunikation;;;active
Kristina;Sinemus;;Digital Infrastructure;Digital Infrastructure. Speaker aus dem Event-Datensatz 2026 (Profil zur Prüfung).;https://www.dmea.de/;;;available;;;;Digital Infrastructure;Digital Infrastructure;Präsentation, Kommunikation;;;active
Louisa;Specht-Riemenschneider;;Digital Health / Datenschutz;Digital Health / Datenschutz. Speaker aus dem Event-Datensatz 2026 (Profil zur Prüfung).;https://www.dmea.de/;;;available;;;;Digital Health, Datenschutz;Digital Health, Datenschutz;Präsentation, Kommunikation;;;active
Nina;Ruge;Moderation;Media / Health Communication;Media / Health Communication bei Moderation. Speaker aus dem Event-Datensatz 2026 (Profil zur Prüfung).;https://www.dmea.de/;;;available;;;;Media, Health Communication;Media, Health Communication;Präsentation, Kommunikation;;;active
Noël;Funke;Hackers4Good;Cybersecurity / Ethical Hacking;Cybersecurity / Ethical Hacking bei Hackers4Good. Speaker aus dem Event-Datensatz 2026 (Profil zur Prüfung).;https://cybersecuritysumm.it/;;;available;;;;Cybersecurity, Ethical Hacking;Cybersecurity, Ethical Hacking;Präsentation, Kommunikation;;;active
Chris;Müller;Ratepay;Cybersecurity / FinTech;Cybersecurity / FinTech bei Ratepay. Speaker aus dem Event-Datensatz 2026 (Profil zur Prüfung).;https://cybersecuritysumm.it/;;;available;;;;Cybersecurity, FinTech;Cybersecurity, FinTech;Präsentation, Kommunikation;;;active
Dennis Kim;Schmidt;Dataport AöR;Public Sector IT Security;Public Sector IT Security bei Dataport AöR. Speaker aus dem Event-Datensatz 2026 (Profil zur Prüfung).;https://cybersecuritysumm.it/;;;available;;;;Public Sector IT Security;Public Sector IT Security;Präsentation, Kommunikation;;;active
Markus;Engelke;Munich Re;Enterprise Cybersecurity;Enterprise Cybersecurity bei Munich Re. Speaker aus dem Event-Datensatz 2026 (Profil zur Prüfung).;https://cybersecuritysumm.it/;;;available;;;;Enterprise Cybersecurity;Enterprise Cybersecurity;Präsentation, Kommunikation;;;active
Tom;Brady;;Business / Entrepreneurship;Business / Entrepreneurship. Speaker aus dem Event-Datensatz 2026 (Profil zur Prüfung).;https://omr.com/;;;available;;;;Business, Entrepreneurship;Business, Entrepreneurship;Präsentation, Kommunikation;;;active
Scott;Galloway;NYU Stern;Business Analysis / Tech;Business Analysis / Tech bei NYU Stern. Speaker aus dem Event-Datensatz 2026 (Profil zur Prüfung).;https://omr.com/;;;available;;;;Business Analysis, Tech;Business Analysis, Tech;Präsentation, Kommunikation;;;active
Christian;Sewing;Deutsche Bank;Finance / Banking;Finance / Banking bei Deutsche Bank. Speaker aus dem Event-Datensatz 2026 (Profil zur Prüfung).;https://omr.com/;;;available;;;;Finance, Banking;Finance, Banking;Präsentation, Kommunikation;;;active
Will;Ahmed;Whoop;Sports Technology;Sports Technology bei Whoop. Speaker aus dem Event-Datensatz 2026 (Profil zur Prüfung).;https://omr.com/;;;available;;;;Sports Technology;Sports Technology;Präsentation, Kommunikation;;;active
Bettina;Orlopp;Commerzbank;Finance / Banking;Finance / Banking bei Commerzbank. Speaker aus dem Event-Datensatz 2026 (Profil zur Prüfung).;https://omr.com/;;;available;;;;Finance, Banking;Finance, Banking;Präsentation, Kommunikation;;;active
Grant;LaFontaine;Whatnot;Live Shopping / E-Commerce;Live Shopping / E-Commerce bei Whatnot. Speaker aus dem Event-Datensatz 2026 (Profil zur Prüfung).;https://omr.com/;;;available;;;;Live Shopping, E-Commerce;Live Shopping, E-Commerce;Präsentation, Kommunikation;;;active
Leonardo;Aizpuru;Nespresso;Marketing / Brand;Marketing / Brand bei Nespresso. Speaker aus dem Event-Datensatz 2026 (Profil zur Prüfung).;https://omr.com/;;;available;;;;Marketing, Brand;Marketing, Brand;Präsentation, Kommunikation;;;active
Laura;Nestler;;Community Building;Community Building. Speaker aus dem Event-Datensatz 2026 (Profil zur Prüfung).;https://omr.com/;;;available;;;;Community Building;Community Building;Präsentation, Kommunikation;;;active
Nikki;Chapple;;M365 / Governance;M365 / Governance. Speaker aus dem Event-Datensatz 2026 (Profil zur Prüfung).;https://collabsummit.eu/;;;available;;;;M365, Governance;M365, Governance;Präsentation, Kommunikation;Microsoft MVP;;active
Mark;Rackley;;M365 / Copilot;M365 / Copilot. Speaker aus dem Event-Datensatz 2026 (Profil zur Prüfung).;https://collabsummit.eu/;;;available;;;;M365, Copilot;M365, Copilot;Präsentation, Kommunikation;Microsoft MVP;;active
Andrew;Connell;;M365 / Copilot;M365 / Copilot. Speaker aus dem Event-Datensatz 2026 (Profil zur Prüfung).;https://collabsummit.eu/;;;available;;;;M365, Copilot;M365, Copilot;Präsentation, Kommunikation;Microsoft MVP;;active
Feiyu;Xu;Amber Iris AI / Uni Digital Science;AI Research / Industry;AI Research / Industry bei Amber Iris AI / Uni Digital Science. Speaker aus dem Event-Datensatz 2026 (Profil zur Prüfung).;https://riseof.ai/;;;available;;;;AI Research, Industry;AI Research, Industry;Präsentation, Kommunikation;;;active
Hans;Uszkoreit;;AI Research / NLP;AI Research / NLP. Speaker aus dem Event-Datensatz 2026 (Profil zur Prüfung).;https://riseof.ai/;;;available;;;;AI Research, NLP;AI Research, NLP;Präsentation, Kommunikation;;;active
Tina;Klüwer;;Conversational AI;Conversational AI. Speaker aus dem Event-Datensatz 2026 (Profil zur Prüfung).;https://riseof.ai/;;;available;;;;Conversational AI;Conversational AI;Präsentation, Kommunikation;;;active
Antonio;Krüger;DFKI;AI Research / HCI;AI Research / HCI bei DFKI. Speaker aus dem Event-Datensatz 2026 (Profil zur Prüfung).;https://www.dfki.de/;;;available;;;;AI Research, HCI;AI Research, HCI;Präsentation, Kommunikation;;;active
Rasmus;Rothe;Merantix AG;AI Startups / Deep Learning;AI Startups / Deep Learning bei Merantix AG. Speaker aus dem Event-Datensatz 2026 (Profil zur Prüfung).;https://riseof.ai/;;;available;;;;AI Startups, Deep Learning;AI Startups, Deep Learning;Präsentation, Kommunikation;;;active
Jürgen;Schmidhuber;KAUST / NNAISENSE;AI Research / Neural Networks;AI Research / Neural Networks bei KAUST / NNAISENSE. Speaker aus dem Event-Datensatz 2026 (Profil zur Prüfung).;https://riseof.ai/;;;available;;;;AI Research, Neural Networks;AI Research, Neural Networks;Präsentation, Kommunikation;;;active
Marcus;Schuler;F.A.Z. / implicator.ai;Technology Journalism;Technology Journalism bei F.A.Z. / implicator.ai. Speaker aus dem Event-Datensatz 2026 (Profil zur Prüfung).;https://www.techshowfrankfurt.de/;;;available;;;;Technology Journalism;Technology Journalism;Präsentation, Kommunikation;;;active
Petya;Dasheva;;Data Strategy / Human-Centered Analytics;Data Strategy / Human-Centered Analytics. Speaker aus dem Event-Datensatz 2026 (Profil zur Prüfung).;https://www.techshowfrankfurt.de/;;;available;;;;Data Strategy, Human-Centered Analytics;Data Strategy, Human-Centered Analytics;Präsentation, Kommunikation;;;active
Carsten;Bange;BARC;Data Analytics / BI / AI;Data Analytics / BI / AI bei BARC. Speaker aus dem Event-Datensatz 2026 (Profil zur Prüfung).;https://www.techshowfrankfurt.de/;;;available;;;;Data Analytics, BI, AI;Data Analytics, BI, AI;Präsentation, Kommunikation;;;active
Miriam;Meckel;;Communication / Technology;Communication / Technology. Speaker aus dem Event-Datensatz 2026 (Profil zur Prüfung).;https://www.techshowfrankfurt.de/;;;available;;;;Communication, Technology;Communication, Technology;Präsentation, Kommunikation;;;active
Lina;Böcker;;Datenschutz / IT-Recht / AI-Regulierung;Datenschutz / IT-Recht / AI-Regulierung. Speaker aus dem Event-Datensatz 2026 (Profil zur Prüfung).;https://www.datenschutzkongress.de/;;;available;;;;Datenschutz, IT-Recht, AI-Regulierung;Datenschutz, IT-Recht, AI-Regulierung;Präsentation, Kommunikation;;;active
Dagmar;Hartge;LfDI Brandenburg;Datenschutzpolitik;Datenschutzpolitik bei LfDI Brandenburg. Speaker aus dem Event-Datensatz 2026 (Profil zur Prüfung).;https://www.datenschutzkongress.de/;;;available;;;;Datenschutzpolitik;Datenschutzpolitik;Präsentation, Kommunikation;;;active
Thomas;Hoeren;Uni Münster;IT-Recht / Informationssicherheit;IT-Recht / Informationssicherheit bei Uni Münster. Speaker aus dem Event-Datensatz 2026 (Profil zur Prüfung).;https://www.datenschutzkongress.de/;;;available;;;;IT-Recht, Informationssicherheit;IT-Recht, Informationssicherheit;Präsentation, Kommunikation;;;active
Dieter;Kugelmann;LfDI Rheinland-Pfalz;Datenschutzregulierung;Datenschutzregulierung bei LfDI Rheinland-Pfalz. Speaker aus dem Event-Datensatz 2026 (Profil zur Prüfung).;https://www.datenschutzkongress.de/;;;available;;;;Datenschutzregulierung;Datenschutzregulierung;Präsentation, Kommunikation;;;active
Philip;Radlanski;Greenberg Traurig;AI / Datenschutz / Cybersecurity;AI / Datenschutz / Cybersecurity bei Greenberg Traurig. Speaker aus dem Event-Datensatz 2026 (Profil zur Prüfung).;https://www.datenschutzkongress.de/;;;available;;;;AI, Datenschutz, Cybersecurity;AI, Datenschutz, Cybersecurity;Präsentation, Kommunikation;;;active
Thomas;Fuchs;HmbBfDI;Datenschutzpolitik;Datenschutzpolitik bei HmbBfDI. Speaker aus dem Event-Datensatz 2026 (Profil zur Prüfung).;https://www.datenschutzkongress.de/;;;available;;;;Datenschutzpolitik;Datenschutzpolitik;Präsentation, Kommunikation;;;active
Meike;Kamp;BlnBDI;Datenschutzpolitik;Datenschutzpolitik bei BlnBDI. Speaker aus dem Event-Datensatz 2026 (Profil zur Prüfung).;https://www.datenschutzkongress.de/;;;available;;;;Datenschutzpolitik;Datenschutzpolitik;Präsentation, Kommunikation;;;active
Philipp;Räther;Allianz Group;Privacy / AI Trust Officer;Privacy / AI Trust Officer bei Allianz Group. Speaker aus dem Event-Datensatz 2026 (Profil zur Prüfung).;https://www.datenschutzkongress.de/;;;available;;;;Privacy, AI Trust Officer;Privacy, AI Trust Officer;Präsentation, Kommunikation;;;active
Yasmin;Weiß;;KI / Workplace Transformation;KI / Workplace Transformation. Speaker aus dem Event-Datensatz 2026 (Profil zur Prüfung).;https://www.also.de/;;;available;;;;KI, Workplace Transformation;KI, Workplace Transformation;Präsentation, Kommunikation;;;active
Stefan;Blome;ALSO;CCO / IT-Channel;CCO / IT-Channel bei ALSO. Speaker aus dem Event-Datensatz 2026 (Profil zur Prüfung).;https://www.also.de/;;;available;;;;CCO, IT-Channel;CCO, IT-Channel;Präsentation, Kommunikation;;;active
Hermann Ludwig;Moeller;ESPI;Science / Policy;Science / Policy bei ESPI. Speaker aus dem Event-Datensatz 2026 (Profil zur Prüfung).;https://live.handelsblatt.com/;;;available;;;;Science, Policy;Science, Policy;Präsentation, Kommunikation;;;active
Thomas;Hemker;;Adversary Analysis;Adversary Analysis. Speaker aus dem Event-Datensatz 2026 (Profil zur Prüfung).;https://www.security-insider.de/;;;available;;;;Adversary Analysis;Adversary Analysis;Präsentation, Kommunikation;;;active
Kerstin;Zettl-Schabath;;Adversary Analysis;Adversary Analysis. Speaker aus dem Event-Datensatz 2026 (Profil zur Prüfung).;https://www.security-insider.de/;;;available;;;;Adversary Analysis;Adversary Analysis;Präsentation, Kommunikation;;;active
Swantje;Westpfahl;;Cyber Risks / Geopolitik;Cyber Risks / Geopolitik. Speaker aus dem Event-Datensatz 2026 (Profil zur Prüfung).;https://www.security-insider.de/;;;available;;;;Cyber Risks, Geopolitik;Cyber Risks, Geopolitik;Präsentation, Kommunikation;;;active
Alexander;Thamm;Alexander Thamm GmbH;Data Science / AI;Data Science / AI bei Alexander Thamm GmbH. Speaker aus dem Event-Datensatz 2026 (Profil zur Prüfung).;https://www.datafestival.de/;;;available;;;;Data Science, AI;Data Science, AI;Präsentation, Kommunikation;;;active
Saskia;Meier-Andrae;;E-Commerce / Retail;E-Commerce / Retail. Speaker aus dem Event-Datensatz 2026 (Profil zur Prüfung).;https://konferenz.k5.de/;;;available;;;;E-Commerce, Retail;E-Commerce, Retail;Präsentation, Kommunikation;;;active
Aimie-Sarah;Carstensen;;E-Commerce / Retail (Gründerin);E-Commerce / Retail (Gründerin). Speaker aus dem Event-Datensatz 2026 (Profil zur Prüfung).;https://konferenz.k5.de/;;;available;;;;E-Commerce, Retail (Gründerin);E-Commerce, Retail (Gründerin);Präsentation, Kommunikation;;;active
Alexander;Dumke;;Global eCommerce;Global eCommerce. Speaker aus dem Event-Datensatz 2026 (Profil zur Prüfung).;https://konferenz.k5.de/;;;available;;;;Global eCommerce;Global eCommerce;Präsentation, Kommunikation;;;active
Alexander;Erpenbach;;E-Commerce / Versicherung;E-Commerce / Versicherung. Speaker aus dem Event-Datensatz 2026 (Profil zur Prüfung).;https://konferenz.k5.de/;;;available;;;;E-Commerce, Versicherung;E-Commerce, Versicherung;Präsentation, Kommunikation;;;active
Alexander;Graf;;Media / E-Commerce Publishing;Media / E-Commerce Publishing. Speaker aus dem Event-Datensatz 2026 (Profil zur Prüfung).;https://konferenz.k5.de/;;;available;;;;Media, E-Commerce Publishing;Media, E-Commerce Publishing;Präsentation, Kommunikation;;;active
Anja;Ittrich;;VP E-Commerce & Marketing;VP E-Commerce & Marketing. Speaker aus dem Event-Datensatz 2026 (Profil zur Prüfung).;https://konferenz.k5.de/;;;available;;;;VP E-Commerce & Marketing;VP E-Commerce & Marketing;Präsentation, Kommunikation;;;active
Olaf;Kaiser;Systemhaus-Coach;MSP-Geschäftsmodelle;MSP-Geschäftsmodelle bei Systemhaus-Coach. Speaker aus dem Event-Datensatz 2026 (Profil zur Prüfung).;https://partnernews.sophos.com/;;;available;;;;MSP-Geschäftsmodelle;MSP-Geschäftsmodelle;Präsentation, Kommunikation;;;active
Werner;Vogels;Amazon (CTO);Technology Leadership / Cloud;Technology Leadership / Cloud bei Amazon (CTO). Speaker aus dem Event-Datensatz 2026 (Profil zur Prüfung).;https://www.wearedevelopers.com/;;;available;;;;Technology Leadership, Cloud;Technology Leadership, Cloud;Präsentation, Kommunikation;;;active
Dirk;Schrödter;CIO Schleswig-Holstein;Digitale Verwaltung;Digitale Verwaltung bei CIO Schleswig-Holstein. Speaker aus dem Event-Datensatz 2026 (Profil zur Prüfung).;https://live.handelsblatt.com/;;;available;;;;Digitale Verwaltung;Digitale Verwaltung;Präsentation, Kommunikation;;;active
Tim;Höttges;Deutsche Telekom (CEO);Telecom / Digital Transformation;Telecom / Digital Transformation bei Deutsche Telekom (CEO). Speaker aus dem Event-Datensatz 2026 (Profil zur Prüfung).;https://bigbangfestival.de/;;;available;;;;Telecom, Digital Transformation;Telecom, Digital Transformation;Präsentation, Kommunikation;;;active
Frank;Thelen;Freigeist Capital;Innovation / Investment;Innovation / Investment bei Freigeist Capital. Speaker aus dem Event-Datensatz 2026 (Profil zur Prüfung).;https://bigbangfestival.de/;;;available;;;;Innovation, Investment;Innovation, Investment;Präsentation, Kommunikation;;;active
Marianne;Janik;Google Cloud (VP EMEA North);Cloud Technology;Cloud Technology bei Google Cloud (VP EMEA North). Speaker aus dem Event-Datensatz 2026 (Profil zur Prüfung).;https://bigbangfestival.de/;;;available;;;;Cloud Technology;Cloud Technology;Präsentation, Kommunikation;;;active
Rolf;Schumann;Schwarz-Digits;AI / Technology;AI / Technology bei Schwarz-Digits. Speaker aus dem Event-Datensatz 2026 (Profil zur Prüfung).;https://bigbangfestival.de/;;;available;;;;AI, Technology;AI, Technology;Präsentation, Kommunikation;;;active
Björn;Ommer;LMU München;Computer Vision / AI;Computer Vision / AI bei LMU München. Speaker aus dem Event-Datensatz 2026 (Profil zur Prüfung).;https://bigbangfestival.de/;;;available;;;;Computer Vision, AI;Computer Vision, AI;Präsentation, Kommunikation;;;active
Christoph;Straub;Barmer (CEO);Healthcare / Digital;Healthcare / Digital bei Barmer (CEO). Speaker aus dem Event-Datensatz 2026 (Profil zur Prüfung).;https://bigbangfestival.de/;;;available;;;;Healthcare, Digital;Healthcare, Digital;Präsentation, Kommunikation;;;active
Dorothee;Bär;BMFTR;Forschung / KI / Quantentechnologie (BMFTR);Forschung / KI / Quantentechnologie (BMFTR) bei BMFTR. Speaker aus dem Event-Datensatz 2026 (Profil zur Prüfung).;https://aidaq.berlin/;;;available;;;;Forschung, KI, Quantentechnologie (BMFTR);Forschung, KI, Quantentechnologie (BMFTR);Präsentation, Kommunikation;;;active
Aude;Gandon;Nestlé (Global CMO);Marketing / Digital;Marketing / Digital bei Nestlé (Global CMO). Speaker aus dem Event-Datensatz 2026 (Profil zur Prüfung).;https://dmexco.com/;;;available;;;;Marketing, Digital;Marketing, Digital;Präsentation, Kommunikation;;;active
Tim;Alexander;Deutsche Bank (CMO);Marketing / Finance;Marketing / Finance bei Deutsche Bank (CMO). Speaker aus dem Event-Datensatz 2026 (Profil zur Prüfung).;https://dmexco.com/;;;available;;;;Marketing, Finance;Marketing, Finance;Präsentation, Kommunikation;;;active
Nadine;Kamski;L'Oréal;Media Director DACH;Media Director DACH bei L'Oréal. Speaker aus dem Event-Datensatz 2026 (Profil zur Prüfung).;https://dmexco.com/;;;available;;;;Media Director DACH;Media Director DACH;Präsentation, Kommunikation;;;active
Christian;Raveaux;REWE Group;Customer Insights & Media;Customer Insights & Media bei REWE Group. Speaker aus dem Event-Datensatz 2026 (Profil zur Prüfung).;https://dmexco.com/;;;available;;;;Customer Insights & Media;Customer Insights & Media;Präsentation, Kommunikation;;;active
Thomas;Wlazik;TikTok (GM DACH);Social Media / Marketing;Social Media / Marketing bei TikTok (GM DACH). Speaker aus dem Event-Datensatz 2026 (Profil zur Prüfung).;https://dmexco.com/;;;available;;;;Social Media, Marketing;Social Media, Marketing;Präsentation, Kommunikation;;;active
Björn H.;Friedrich;Deutsche Telekom;Cloud Security / Zero Trust;Cloud Security / Zero Trust bei Deutsche Telekom. Speaker aus dem Event-Datensatz 2026 (Profil zur Prüfung).;https://www.we-conect.com/;;;available;;;;Cloud Security, Zero Trust;Cloud Security, Zero Trust;Präsentation, Kommunikation;;;active
Carsten;Rachfahl;Rachfahl IT-Solutions;Hyper-V / Azure Stack HCI;Hyper-V / Azure Stack HCI bei Rachfahl IT-Solutions. Speaker aus dem Event-Datensatz 2026 (Profil zur Prüfung).;https://www.cdc-germany.de/;;;available;;;;Hyper-V, Azure Stack HCI;Hyper-V, Azure Stack HCI;Präsentation, Kommunikation;Microsoft MVP;;active
Didier;Van Hoye;;Windows Server / Hybrid Cloud;Windows Server / Hybrid Cloud. Speaker aus dem Event-Datensatz 2026 (Profil zur Prüfung).;https://www.cdc-germany.de/;;;available;;;;Windows Server, Hybrid Cloud;Windows Server, Hybrid Cloud;Präsentation, Kommunikation;Microsoft MVP;;active
Eric;Berg;;Azure / Cloud;Azure / Cloud. Speaker aus dem Event-Datensatz 2026 (Profil zur Prüfung).;https://www.cdc-germany.de/;;;available;;;;Azure, Cloud;Azure, Cloud;Präsentation, Kommunikation;Microsoft MVP;;active
Thomas;Maurer;;Azure / Hybrid Cloud;Azure / Hybrid Cloud. Speaker aus dem Event-Datensatz 2026 (Profil zur Prüfung).;https://www.cdc-germany.de/;;;available;;;;Azure, Hybrid Cloud;Azure, Hybrid Cloud;Präsentation, Kommunikation;Microsoft MVP;;active
Marcel;Zehner;;Cloud & Datacenter Management;Cloud & Datacenter Management. Speaker aus dem Event-Datensatz 2026 (Profil zur Prüfung).;https://www.cdc-germany.de/;;;available;;;;Cloud & Datacenter Management;Cloud & Datacenter Management;Präsentation, Kommunikation;Microsoft MVP;;active
Immanuel;Bär;;White-Hat-Hacker / Cybersecurity;White-Hat-Hacker / Cybersecurity. Speaker aus dem Event-Datensatz 2026 (Profil zur Prüfung).;https://www.inno-it.de/;;;available;;;;White-Hat-Hacker, Cybersecurity;White-Hat-Hacker, Cybersecurity;Präsentation, Kommunikation;;;active
Wolfgang;Ehrk;DIERCK GROUP (CEO);IT-Panel;IT-Panel bei DIERCK GROUP (CEO). Speaker aus dem Event-Datensatz 2026 (Profil zur Prüfung).;https://www.inno-it.de/;;;available;;;;IT-Panel;IT-Panel;Präsentation, Kommunikation;;;active
Tommy;Grosche;Fortinet;Network Security;Network Security bei Fortinet. Speaker aus dem Event-Datensatz 2026 (Profil zur Prüfung).;https://www.fortinet.com/;;;available;;;;Network Security;Network Security;Präsentation, Kommunikation;;;active
Andreas;Livert;Extreme Networks;VP Sales DACH / Networking;VP Sales DACH / Networking bei Extreme Networks. Speaker aus dem Event-Datensatz 2026 (Profil zur Prüfung).;https://www.inno-it.de/;;;available;;;;VP Sales DACH, Networking;VP Sales DACH, Networking;Präsentation, Kommunikation;;;active
Sylvia;Lösel;IT-Business Magazin;IT Media / Panel;IT Media / Panel bei IT-Business Magazin. Speaker aus dem Event-Datensatz 2026 (Profil zur Prüfung).;https://www.inno-it.de/;;;available;;;;IT Media, Panel;IT Media, Panel;Präsentation, Kommunikation;;;active
Isabell;Welpe;TUM;Strategie / AI;Strategie / AI bei TUM. Speaker aus dem Event-Datensatz 2026 (Profil zur Prüfung).;https://www.inno-it.de/;;;available;;;;Strategie, AI;Strategie, AI;Präsentation, Kommunikation;;;active
Katharina;Zweig;TU Kaiserslautern;AI / Algorithmen;AI / Algorithmen bei TU Kaiserslautern. Speaker aus dem Event-Datensatz 2026 (Profil zur Prüfung).;https://www.inno-it.de/;;;available;;;;AI, Algorithmen;AI, Algorithmen;Präsentation, Kommunikation;;;active
Mojib;Latif;GEOMAR;Klimaforschung & AI;Klimaforschung & AI bei GEOMAR. Speaker aus dem Event-Datensatz 2026 (Profil zur Prüfung).;https://www.inno-it.de/;;;available;;;;Klimaforschung & AI;Klimaforschung & AI;Präsentation, Kommunikation;;;active
August-Wilhelm;Scheer;;IT / Wirtschaftsinformatik;IT / Wirtschaftsinformatik. Speaker aus dem Event-Datensatz 2026 (Profil zur Prüfung).;https://it-con-messe.de/;;;available;;;;IT, Wirtschaftsinformatik;IT, Wirtschaftsinformatik;Präsentation, Kommunikation;;;active
Martin;Kasparick;;Sichere Kommunikation;Sichere Kommunikation. Speaker aus dem Event-Datensatz 2026 (Profil zur Prüfung).;https://www.pmrexpo.com/;;;available;;;;Sichere Kommunikation;Sichere Kommunikation;Präsentation, Kommunikation;;;active
Helen;Kuhlmann;;KRITIS / BOS-Digitalfunk;KRITIS / BOS-Digitalfunk. Speaker aus dem Event-Datensatz 2026 (Profil zur Prüfung).;https://www.pmrexpo.com/;;;available;;;;KRITIS, BOS-Digitalfunk;KRITIS, BOS-Digitalfunk;Präsentation, Kommunikation;;;active
Peter;Gentsch;;Digital Disruption / AI;Digital Disruption / AI. Speaker aus dem Event-Datensatz 2026 (Profil zur Prüfung).;https://www.ccw.eu/;;;available;;;;Digital Disruption, AI;Digital Disruption, AI;Präsentation, Kommunikation;;;active
Marcus;Keupp;;Business / Strategie;Business / Strategie. Speaker aus dem Event-Datensatz 2026 (Profil zur Prüfung).;https://www.ccw.eu/;;;available;;;;Business, Strategie;Business, Strategie;Präsentation, Kommunikation;;;active
Fabian;Hemmert;;User Experience / Technology;User Experience / Technology. Speaker aus dem Event-Datensatz 2026 (Profil zur Prüfung).;https://www.ccw.eu/;;;available;;;;User Experience, Technology;User Experience, Technology;Präsentation, Kommunikation;;;active
Christian;Wuttke;Schwarz Group;Chat & Voice Technology;Chat & Voice Technology bei Schwarz Group. Speaker aus dem Event-Datensatz 2026 (Profil zur Prüfung).;https://www.ccw.eu/;;;available;;;;Chat & Voice Technology;Chat & Voice Technology;Präsentation, Kommunikation;;;active
Philipp;Heltewig;NiCE;Conversational AI;Conversational AI bei NiCE. Speaker aus dem Event-Datensatz 2026 (Profil zur Prüfung).;https://www.ccw.eu/;;;available;;;;Conversational AI;Conversational AI;Präsentation, Kommunikation;;;active
Anna;Mutska;;Conversational AI;Conversational AI. Speaker aus dem Event-Datensatz 2026 (Profil zur Prüfung).;https://www.ccw.eu/;;;available;;;;Conversational AI;Conversational AI;Präsentation, Kommunikation;;;active
Florian;Augthun;Ströer SE;Cyber Security Architecture;Cyber Security Architecture bei Ströer SE. Speaker aus dem Event-Datensatz 2026 (Profil zur Prüfung).;https://dach.cyberseries.io/;;;available;;;;Cyber Security Architecture;Cyber Security Architecture;Präsentation, Kommunikation;;;active
Daniel;Maier-Johnson;Kuehne+Nagel;CISO / Enterprise Cybersecurity;CISO / Enterprise Cybersecurity bei Kuehne+Nagel. Speaker aus dem Event-Datensatz 2026 (Profil zur Prüfung).;https://dach.cyberseries.io/;;;available;;;;CISO, Enterprise Cybersecurity;CISO, Enterprise Cybersecurity;Präsentation, Kommunikation;;;active
Chuks;Ojeme;;Cybersecurity Thought Leadership;Cybersecurity Thought Leadership. Speaker aus dem Event-Datensatz 2026 (Profil zur Prüfung).;https://dach.cyberseries.io/;;;available;;;;Cybersecurity Thought Leadership;Cybersecurity Thought Leadership;Präsentation, Kommunikation;;;active
Katarzyna;Bukowska;;Cyber Security Operations;Cyber Security Operations. Speaker aus dem Event-Datensatz 2026 (Profil zur Prüfung).;https://dach.cyberseries.io/;;;available;;;;Cyber Security Operations;Cyber Security Operations;Präsentation, Kommunikation;;;active
